                       port_1_re,                       port_2_re,                 sample_e1_s0_re,                 sample_e1_s0_im,                 sample_e1_s1_re,                 sample_e1_s1_im,                 sample_e1_s2_re,                 sample_e1_s2_im,                 sample_e1_s3_re,                 sample_e1_s3_im,                 sample_e1_s4_re,                 sample_e1_s4_im,                 sample_e1_s5_re,                 sample_e1_s5_im,                 sample_e2_s0_re,                 sample_e2_s0_im,                 sample_e2_s1_re,                 sample_e2_s1_im,                 sample_e2_s2_re,                 sample_e2_s2_im,                 sample_e2_s3_re,                 sample_e2_s3_im,                   farfield_p0d0,                   farfield_p0d1,                   farfield_p0d2,                   farfield_p0d3,                   farfield_p0d4,                   farfield_p0d5,                   farfield_p0d6,                   farfield_p0d7,                   farfield_p0d8,                   farfield_p0d9,                  farfield_p0d10,                  farfield_p0d11,                  farfield_p0d12,                  farfield_p0d13,                surfsigma_2_p0d0,                surfsigma_2_p0d1,                surfsigma_2_p0d2,                surfsigma_2_p0d3,                surfsigma_2_p0d4,                surfsigma_2_p0d5,                surfsigma_2_p0d6,                surfsigma_2_p0d7,                surfsigma_2_p0d8,                surfsigma_2_p0d9,               surfsigma_2_p0d10,               surfsigma_2_p0d11,                surfsigma_2_p1d0,                surfsigma_2_p1d1,                surfsigma_2_p1d2,                surfsigma_2_p1d3,                surfsigma_2_p1d4,                surfsigma_2_p1d5,                surfsigma_2_p1d6,                surfsigma_2_p1d7,                surfsigma_2_p1d8,                surfsigma_2_p1d9,               surfsigma_2_p1d10,               surfsigma_2_p1d11,                surfsigma_2_p2d0,                surfsigma_2_p2d1,                surfsigma_2_p2d2,                surfsigma_2_p2d3,                surfsigma_2_p2d4,                surfsigma_2_p2d5,                surfsigma_2_p2d6,                surfsigma_2_p2d7,                surfsigma_2_p2d8,                surfsigma_2_p2d9,               surfsigma_2_p2d10,               surfsigma_2_p2d11,                surfsigma_3_p0d0,                surfsigma_3_p0d1,                surfsigma_3_p0d2,                surfsigma_3_p0d3,                surfsigma_3_p0d4,                surfsigma_3_p0d5,                surfsigma_3_p0d6,                surfsigma_3_p0d7,                surfsigma_3_p0d8,                surfsigma_3_p0d9,               surfsigma_3_p0d10,               surfsigma_3_p0d11,                surfsigma_3_p1d0,                surfsigma_3_p1d1,                surfsigma_3_p1d2,                surfsigma_3_p1d3,                surfsigma_3_p1d4,                surfsigma_3_p1d5,                surfsigma_3_p1d6,                surfsigma_3_p1d7,                surfsigma_3_p1d8,                surfsigma_3_p1d9,               surfsigma_3_p1d10,               surfsigma_3_p1d11,                surfsigma_3_p2d0,                surfsigma_3_p2d1,                surfsigma_3_p2d2,                surfsigma_3_p2d3,                surfsigma_3_p2d4,                surfsigma_3_p2d5,                surfsigma_3_p2d6,                surfsigma_3_p2d7,                surfsigma_3_p2d8,                surfsigma_3_p2d9,               surfsigma_3_p2d10,               surfsigma_3_p2d11
        +1.00000000000000000e+00,        +0.00000000000000000e+00,        +3.69838823414812334e-01,        +2.31722882908770057e-02,        +3.84164584136002019e-01,        -1.05590246651572586e-01,        +5.92927867887941384e-01,        -1.40466885619834420e-01,        +5.71248123550476383e-01,        +7.73406419485039437e-02,        +4.30921567153450757e-01,        +9.55066226960637754e-02,        +4.48990949404395545e-01,        -1.83365273760141723e-01,        +3.57787073567593428e-01,        -3.69011098969072582e-02,        -2.70460296498117203e-01,        +8.76508734761269059e-02,        -1.14226367656410824e-01,        -1.80077339019252047e-01,        +1.09205528780972047e-01,        -2.51013958793264602e-01,        +0.00000000000000000e+00,        +0.00000000000000000e+00,        +0.00000000000000000e+00,        +0.00000000000000000e+00,        +0.00000000000000000e+00,        +0.00000000000000000e+00,        +0.00000000000000000e+00,        +0.00000000000000000e+00,        +0.00000000000000000e+00,        +0.00000000000000000e+00,        +0.00000000000000000e+00,        +0.00000000000000000e+00,        +0.00000000000000000e+00,        +0.00000000000000000e+00,        +0.00000000000000000e+00,        +0.00000000000000000e+00,        +0.00000000000000000e+00,        +0.00000000000000000e+00,        +0.00000000000000000e+00,        +0.00000000000000000e+00,        +0.00000000000000000e+00,        +0.00000000000000000e+00,        +0.00000000000000000e+00,        +0.00000000000000000e+00,        +0.00000000000000000e+00,        +0.00000000000000000e+00,        +0.00000000000000000e+00,        +0.00000000000000000e+00,        +0.00000000000000000e+00,        +0.00000000000000000e+00,        +0.00000000000000000e+00,        +0.00000000000000000e+00,        +0.00000000000000000e+00,        +0.00000000000000000e+00,        +0.00000000000000000e+00,        +0.00000000000000000e+00,        +0.00000000000000000e+00,        +0.00000000000000000e+00,        +0.00000000000000000e+00,        +0.00000000000000000e+00,        +0.00000000000000000e+00,        +0.00000000000000000e+00,        +0.00000000000000000e+00,        +0.00000000000000000e+00,        +0.00000000000000000e+00,        +0.00000000000000000e+00,        +0.00000000000000000e+00,        +0.00000000000000000e+00,        +0.00000000000000000e+00,        +0.00000000000000000e+00,        +0.00000000000000000e+00,        +0.00000000000000000e+00,        +0.00000000000000000e+00,        +0.00000000000000000e+00,        +0.00000000000000000e+00,        +0.00000000000000000e+00,        +0.00000000000000000e+00,        +0.00000000000000000e+00,        +0.00000000000000000e+00,        +0.00000000000000000e+00,        +0.00000000000000000e+00,        +0.00000000000000000e+00,        +0.00000000000000000e+00,        +0.00000000000000000e+00,        +0.00000000000000000e+00,        +0.00000000000000000e+00,        +0.00000000000000000e+00,        +0.00000000000000000e+00,        +0.00000000000000000e+00,        +0.00000000000000000e+00,        +0.00000000000000000e+00,        +0.00000000000000000e+00,        +0.00000000000000000e+00,        +0.00000000000000000e+00,        +0.00000000000000000e+00,        +0.00000000000000000e+00,        +0.00000000000000000e+00,        +0.00000000000000000e+00,        +0.00000000000000000e+00,        +0.00000000000000000e+00,        +0.00000000000000000e+00,        +0.00000000000000000e+00,        +0.00000000000000000e+00,        +0.00000000000000000e+00,        +0.00000000000000000e+00,        +0.00000000000000000e+00
        +0.00000000000000000e+00,        +1.00000000000000022e+00,        +3.57787095998613469e-01,        -3.69011248576355533e-02,        -2.70460554977054901e-01,        +8.76510093668822210e-02,        -1.13887537446468026e-01,        -1.80271039614632506e-01,        +1.09491161559370345e-01,        -2.51005420458013218e-01,        +2.88477731947153204e-01,        -1.71920041040712596e-01,        -2.41459439872340809e-01,        -6.38004121894399784e-02,        +3.69838259684853676e-01,        +2.31724179120727930e-02,        +3.84161389215069426e-01,        -1.05573465924124824e-01,        +5.92694990164661428e-01,        -1.40726615438086261e-01,        +5.71417687189016421e-01,        +7.72378380041476992e-02,        +0.00000000000000000e+00,        +0.00000000000000000e+00,        +0.00000000000000000e+00,        +0.00000000000000000e+00,        +0.00000000000000000e+00,        +0.00000000000000000e+00,        +0.00000000000000000e+00,        +0.00000000000000000e+00,        +0.00000000000000000e+00,        +0.00000000000000000e+00,        +0.00000000000000000e+00,        +0.00000000000000000e+00,        +0.00000000000000000e+00,        +0.00000000000000000e+00,        +0.00000000000000000e+00,        +0.00000000000000000e+00,        +0.00000000000000000e+00,        +0.00000000000000000e+00,        +0.00000000000000000e+00,        +0.00000000000000000e+00,        +0.00000000000000000e+00,        +0.00000000000000000e+00,        +0.00000000000000000e+00,        +0.00000000000000000e+00,        +0.00000000000000000e+00,        +0.00000000000000000e+00,        +0.00000000000000000e+00,        +0.00000000000000000e+00,        +0.00000000000000000e+00,        +0.00000000000000000e+00,        +0.00000000000000000e+00,        +0.00000000000000000e+00,        +0.00000000000000000e+00,        +0.00000000000000000e+00,        +0.00000000000000000e+00,        +0.00000000000000000e+00,        +0.00000000000000000e+00,        +0.00000000000000000e+00,        +0.00000000000000000e+00,        +0.00000000000000000e+00,        +0.00000000000000000e+00,        +0.00000000000000000e+00,        +0.00000000000000000e+00,        +0.00000000000000000e+00,        +0.00000000000000000e+00,        +0.00000000000000000e+00,        +0.00000000000000000e+00,        +0.00000000000000000e+00,        +0.00000000000000000e+00,        +0.00000000000000000e+00,        +0.00000000000000000e+00,        +0.00000000000000000e+00,        +0.00000000000000000e+00,        +0.00000000000000000e+00,        +0.00000000000000000e+00,        +0.00000000000000000e+00,        +0.00000000000000000e+00,        +0.00000000000000000e+00,        +0.00000000000000000e+00,        +0.00000000000000000e+00,        +0.00000000000000000e+00,        +0.00000000000000000e+00,        +0.00000000000000000e+00,        +0.00000000000000000e+00,        +0.00000000000000000e+00,        +0.00000000000000000e+00,        +0.00000000000000000e+00,        +0.00000000000000000e+00,        +0.00000000000000000e+00,        +0.00000000000000000e+00,        +0.00000000000000000e+00,        +0.00000000000000000e+00,        +0.00000000000000000e+00,        +0.00000000000000000e+00,        +0.00000000000000000e+00,        +0.00000000000000000e+00,        +0.00000000000000000e+00,        +0.00000000000000000e+00,        +0.00000000000000000e+00,        +0.00000000000000000e+00,        +0.00000000000000000e+00,        +0.00000000000000000e+00,        +0.00000000000000000e+00,        +0.00000000000000000e+00,        +0.00000000000000000e+00,        +0.00000000000000000e+00
        +0.00000000000000000e+00,        +0.00000000000000000e+00,        +8.24961115240508636e-01,        -1.49244229279061613e-02,        +8.81840752630009134e-02,        -1.86922838781977596e+00,        +1.21364452133264367e+00,        -9.13877941842412111e-01,        +9.92699398105996944e-01,        -2.51248176312538873e-01,        +8.61782067142831343e-01,        -8.50582431751372159e-02,        +8.32296533442927533e-01,        -1.68463758466308677e+00,        +8.24175002000384405e-01,        -1.91746397872357803e-02,        +3.24463881049103439e-02,        -1.85247474734200246e+00,        +1.15696676763461626e+00,        -9.18594201291349943e-01,        +9.58403635582056102e-01,        -2.76133773495331747e-01,        +0.00000000000000000e+00,        +0.00000000000000000e+00,        +0.00000000000000000e+00,        +0.00000000000000000e+00,        +0.00000000000000000e+00,        +0.00000000000000000e+00,        +0.00000000000000000e+00,        +0.00000000000000000e+00,        +0.00000000000000000e+00,        +0.00000000000000000e+00,        +0.00000000000000000e+00,        +0.00000000000000000e+00,        +0.00000000000000000e+00,        +0.00000000000000000e+00,        +0.00000000000000000e+00,        +0.00000000000000000e+00,        +0.00000000000000000e+00,        +0.00000000000000000e+00,        +0.00000000000000000e+00,        +0.00000000000000000e+00,        +0.00000000000000000e+00,        +0.00000000000000000e+00,        +0.00000000000000000e+00,        +0.00000000000000000e+00,        +0.00000000000000000e+00,        +0.00000000000000000e+00,        +0.00000000000000000e+00,        +0.00000000000000000e+00,        +0.00000000000000000e+00,        +0.00000000000000000e+00,        +0.00000000000000000e+00,        +0.00000000000000000e+00,        +0.00000000000000000e+00,        +0.00000000000000000e+00,        +0.00000000000000000e+00,        +0.00000000000000000e+00,        +0.00000000000000000e+00,        +0.00000000000000000e+00,        +0.00000000000000000e+00,        +0.00000000000000000e+00,        +0.00000000000000000e+00,        +0.00000000000000000e+00,        +0.00000000000000000e+00,        +0.00000000000000000e+00,        +0.00000000000000000e+00,        +0.00000000000000000e+00,        +0.00000000000000000e+00,        +0.00000000000000000e+00,        +0.00000000000000000e+00,        +0.00000000000000000e+00,        +0.00000000000000000e+00,        +0.00000000000000000e+00,        +0.00000000000000000e+00,        +0.00000000000000000e+00,        +0.00000000000000000e+00,        +0.00000000000000000e+00,        +0.00000000000000000e+00,        +0.00000000000000000e+00,        +0.00000000000000000e+00,        +0.00000000000000000e+00,        +0.00000000000000000e+00,        +0.00000000000000000e+00,        +0.00000000000000000e+00,        +0.00000000000000000e+00,        +0.00000000000000000e+00,        +0.00000000000000000e+00,        +0.00000000000000000e+00,        +0.00000000000000000e+00,        +0.00000000000000000e+00,        +0.00000000000000000e+00,        +0.00000000000000000e+00,        +0.00000000000000000e+00,        +0.00000000000000000e+00,        +0.00000000000000000e+00,        +0.00000000000000000e+00,        +0.00000000000000000e+00,        +0.00000000000000000e+00,        +0.00000000000000000e+00,        +0.00000000000000000e+00,        +0.00000000000000000e+00,        +0.00000000000000000e+00,        +0.00000000000000000e+00,        +0.00000000000000000e+00,        +0.00000000000000000e+00,        +0.00000000000000000e+00,        +0.00000000000000000e+00
        +0.00000000000000000e+00,        +0.00000000000000000e+00,        +0.00000000000000000e+00,        +1.24660010185859524e-01,        +1.02988547758571891e+00,        -2.88975800518075698e-01,        +1.02757152432896537e+00,        +6.97008652994715178e-02,        +6.20282294430010261e-01,        +4.55757131769261858e-01,        +1.77526070367335809e-01,        +3.60665388532805775e-01,        +1.05171265708082595e+00,        -1.67093811510879153e-01,        -2.80366820511454319e-02,        -2.96882321755180950e-02,        -1.01502284581634972e+00,        +3.26213433208249859e-01,        -1.04141112585030027e+00,        -4.16918229775743790e-02,        -6.34830444317744269e-01,        -4.39492561017429284e-01,        +0.00000000000000000e+00,        +0.00000000000000000e+00,        +0.00000000000000000e+00,        +0.00000000000000000e+00,        +0.00000000000000000e+00,        +0.00000000000000000e+00,        +0.00000000000000000e+00,        +0.00000000000000000e+00,        +0.00000000000000000e+00,        +0.00000000000000000e+00,        +0.00000000000000000e+00,        +0.00000000000000000e+00,        +0.00000000000000000e+00,        +0.00000000000000000e+00,        +0.00000000000000000e+00,        +0.00000000000000000e+00,        +0.00000000000000000e+00,        +0.00000000000000000e+00,        +0.00000000000000000e+00,        +0.00000000000000000e+00,        +0.00000000000000000e+00,        +0.00000000000000000e+00,        +0.00000000000000000e+00,        +0.00000000000000000e+00,        +0.00000000000000000e+00,        +0.00000000000000000e+00,        +0.00000000000000000e+00,        +0.00000000000000000e+00,        +0.00000000000000000e+00,        +0.00000000000000000e+00,        +0.00000000000000000e+00,        +0.00000000000000000e+00,        +0.00000000000000000e+00,        +0.00000000000000000e+00,        +0.00000000000000000e+00,        +0.00000000000000000e+00,        +0.00000000000000000e+00,        +0.00000000000000000e+00,        +0.00000000000000000e+00,        +0.00000000000000000e+00,        +0.00000000000000000e+00,        +0.00000000000000000e+00,        +0.00000000000000000e+00,        +0.00000000000000000e+00,        +0.00000000000000000e+00,        +0.00000000000000000e+00,        +0.00000000000000000e+00,        +0.00000000000000000e+00,        +0.00000000000000000e+00,        +0.00000000000000000e+00,        +0.00000000000000000e+00,        +0.00000000000000000e+00,        +0.00000000000000000e+00,        +0.00000000000000000e+00,        +0.00000000000000000e+00,        +0.00000000000000000e+00,        +0.00000000000000000e+00,        +0.00000000000000000e+00,        +0.00000000000000000e+00,        +0.00000000000000000e+00,        +0.00000000000000000e+00,        +0.00000000000000000e+00,        +0.00000000000000000e+00,        +0.00000000000000000e+00,        +0.00000000000000000e+00,        +0.00000000000000000e+00,        +0.00000000000000000e+00,        +0.00000000000000000e+00,        +0.00000000000000000e+00,        +0.00000000000000000e+00,        +0.00000000000000000e+00,        +0.00000000000000000e+00,        +0.00000000000000000e+00,        +0.00000000000000000e+00,        +0.00000000000000000e+00,        +0.00000000000000000e+00,        +0.00000000000000000e+00,        +0.00000000000000000e+00,        +0.00000000000000000e+00,        +0.00000000000000000e+00,        +0.00000000000000000e+00,        +0.00000000000000000e+00,        +0.00000000000000000e+00,        +0.00000000000000000e+00,        +0.00000000000000000e+00,        +0.00000000000000000e+00
        +0.00000000000000000e+00,        +0.00000000000000000e+00,        +0.00000000000000000e+00,        +0.00000000000000000e+00,        +8.19643004856708712e-01,        +2.46155004289499990e-02,        +6.95398645890191847e-01,        +1.24969895034745926e-01,        +4.30731856957759618e-01,        +3.45474901744983909e-01,        +1.13778300771786633e-01,        +2.55251261157916132e-01,        +7.38506465094303732e-01,        +6.08208713982518884e-02,        -2.07886442215189336e-02,        -1.15602341241312509e-01,        -7.30887894954201589e-01,        +4.91314215129059539e-01,        -8.67515612584604079e-01,        +4.08238849178152868e-02,        -5.13067182208116868e-01,        -3.28374582441652241e-01,        +0.00000000000000000e+00,        +0.00000000000000000e+00,        +0.00000000000000000e+00,        +0.00000000000000000e+00,        +0.00000000000000000e+00,        +0.00000000000000000e+00,        +0.00000000000000000e+00,        +0.00000000000000000e+00,        +0.00000000000000000e+00,        +0.00000000000000000e+00,        +0.00000000000000000e+00,        +0.00000000000000000e+00,        +0.00000000000000000e+00,        +0.00000000000000000e+00,        +0.00000000000000000e+00,        +0.00000000000000000e+00,        +0.00000000000000000e+00,        +0.00000000000000000e+00,        +0.00000000000000000e+00,        +0.00000000000000000e+00,        +0.00000000000000000e+00,        +0.00000000000000000e+00,        +0.00000000000000000e+00,        +0.00000000000000000e+00,        +0.00000000000000000e+00,        +0.00000000000000000e+00,        +0.00000000000000000e+00,        +0.00000000000000000e+00,        +0.00000000000000000e+00,        +0.00000000000000000e+00,        +0.00000000000000000e+00,        +0.00000000000000000e+00,        +0.00000000000000000e+00,        +0.00000000000000000e+00,        +0.00000000000000000e+00,        +0.00000000000000000e+00,        +0.00000000000000000e+00,        +0.00000000000000000e+00,        +0.00000000000000000e+00,        +0.00000000000000000e+00,        +0.00000000000000000e+00,        +0.00000000000000000e+00,        +0.00000000000000000e+00,        +0.00000000000000000e+00,        +0.00000000000000000e+00,        +0.00000000000000000e+00,        +0.00000000000000000e+00,        +0.00000000000000000e+00,        +0.00000000000000000e+00,        +0.00000000000000000e+00,        +0.00000000000000000e+00,        +0.00000000000000000e+00,        +0.00000000000000000e+00,        +0.00000000000000000e+00,        +0.00000000000000000e+00,        +0.00000000000000000e+00,        +0.00000000000000000e+00,        +0.00000000000000000e+00,        +0.00000000000000000e+00,        +0.00000000000000000e+00,        +0.00000000000000000e+00,        +0.00000000000000000e+00,        +0.00000000000000000e+00,        +0.00000000000000000e+00,        +0.00000000000000000e+00,        +0.00000000000000000e+00,        +0.00000000000000000e+00,        +0.00000000000000000e+00,        +0.00000000000000000e+00,        +0.00000000000000000e+00,        +0.00000000000000000e+00,        +0.00000000000000000e+00,        +0.00000000000000000e+00,        +0.00000000000000000e+00,        +0.00000000000000000e+00,        +0.00000000000000000e+00,        +0.00000000000000000e+00,        +0.00000000000000000e+00,        +0.00000000000000000e+00,        +0.00000000000000000e+00,        +0.00000000000000000e+00,        +0.00000000000000000e+00,        +0.00000000000000000e+00,        +0.00000000000000000e+00,        +0.00000000000000000e+00,        +0.00000000000000000e+00
        +0.00000000000000000e+00,        +0.00000000000000000e+00,        +0.00000000000000000e+00,        +0.00000000000000000e+00,        +0.00000000000000000e+00,        +1.47173382788208240e+00,        -5.54717579278133477e-01,        +3.83771898147963253e-01,        -1.96703641228519466e-01,        -1.09802178283543612e-02,        -4.29456578489871080e-02,        -3.54038527566212999e-02,        -5.07937140560521083e-01,        +1.07666796050661984e+00,        +3.24801669598389188e-03,        +1.81660930933547626e-02,        +2.44460210707593634e-01,        +1.39806857871830137e+00,        -3.08944846547179242e-01,        +3.98199868312708205e-01,        -4.83887186827797119e-02,        +9.51707481774096420e-02,        +0.00000000000000000e+00,        +0.00000000000000000e+00,        +0.00000000000000000e+00,        +0.00000000000000000e+00,        +0.00000000000000000e+00,        +0.00000000000000000e+00,        +0.00000000000000000e+00,        +0.00000000000000000e+00,        +0.00000000000000000e+00,        +0.00000000000000000e+00,        +0.00000000000000000e+00,        +0.00000000000000000e+00,        +0.00000000000000000e+00,        +0.00000000000000000e+00,        +0.00000000000000000e+00,        +0.00000000000000000e+00,        +0.00000000000000000e+00,        +0.00000000000000000e+00,        +0.00000000000000000e+00,        +0.00000000000000000e+00,        +0.00000000000000000e+00,        +0.00000000000000000e+00,        +0.00000000000000000e+00,        +0.00000000000000000e+00,        +0.00000000000000000e+00,        +0.00000000000000000e+00,        +0.00000000000000000e+00,        +0.00000000000000000e+00,        +0.00000000000000000e+00,        +0.00000000000000000e+00,        +0.00000000000000000e+00,        +0.00000000000000000e+00,        +0.00000000000000000e+00,        +0.00000000000000000e+00,        +0.00000000000000000e+00,        +0.00000000000000000e+00,        +0.00000000000000000e+00,        +0.00000000000000000e+00,        +0.00000000000000000e+00,        +0.00000000000000000e+00,        +0.00000000000000000e+00,        +0.00000000000000000e+00,        +0.00000000000000000e+00,        +0.00000000000000000e+00,        +0.00000000000000000e+00,        +0.00000000000000000e+00,        +0.00000000000000000e+00,        +0.00000000000000000e+00,        +0.00000000000000000e+00,        +0.00000000000000000e+00,        +0.00000000000000000e+00,        +0.00000000000000000e+00,        +0.00000000000000000e+00,        +0.00000000000000000e+00,        +0.00000000000000000e+00,        +0.00000000000000000e+00,        +0.00000000000000000e+00,        +0.00000000000000000e+00,        +0.00000000000000000e+00,        +0.00000000000000000e+00,        +0.00000000000000000e+00,        +0.00000000000000000e+00,        +0.00000000000000000e+00,        +0.00000000000000000e+00,        +0.00000000000000000e+00,        +0.00000000000000000e+00,        +0.00000000000000000e+00,        +0.00000000000000000e+00,        +0.00000000000000000e+00,        +0.00000000000000000e+00,        +0.00000000000000000e+00,        +0.00000000000000000e+00,        +0.00000000000000000e+00,        +0.00000000000000000e+00,        +0.00000000000000000e+00,        +0.00000000000000000e+00,        +0.00000000000000000e+00,        +0.00000000000000000e+00,        +0.00000000000000000e+00,        +0.00000000000000000e+00,        +0.00000000000000000e+00,        +0.00000000000000000e+00,        +0.00000000000000000e+00,        +0.00000000000000000e+00,        +0.00000000000000000e+00,        +0.00000000000000000e+00
        +0.00000000000000000e+00,        +0.00000000000000000e+00,        +0.00000000000000000e+00,        +0.00000000000000000e+00,        +0.00000000000000000e+00,        +0.00000000000000000e+00,        +1.08076282983410918e-01,        -2.87982607377315486e-02,        +9.14990195081890750e-02,        +5.75657946307467569e-02,        +2.57558071521851555e-02,        +5.14208141022823098e-02,        +3.75757108013458144e-02,        -4.50953647382070014e-02,        -5.05461060457880820e-03,        -2.61504857008229528e-02,        -3.07404897567579605e-01,        +9.17433400667949650e-02,        -2.15815168943103014e-01,        -4.59996383731363645e-02,        -1.13728827143849048e-01,        -8.76561098908782976e-02,        +0.00000000000000000e+00,        +0.00000000000000000e+00,        +0.00000000000000000e+00,        +0.00000000000000000e+00,        +0.00000000000000000e+00,        +0.00000000000000000e+00,        +0.00000000000000000e+00,        +0.00000000000000000e+00,        +0.00000000000000000e+00,        +0.00000000000000000e+00,        +0.00000000000000000e+00,        +0.00000000000000000e+00,        +0.00000000000000000e+00,        +0.00000000000000000e+00,        +0.00000000000000000e+00,        +0.00000000000000000e+00,        +0.00000000000000000e+00,        +0.00000000000000000e+00,        +0.00000000000000000e+00,        +0.00000000000000000e+00,        +0.00000000000000000e+00,        +0.00000000000000000e+00,        +0.00000000000000000e+00,        +0.00000000000000000e+00,        +0.00000000000000000e+00,        +0.00000000000000000e+00,        +0.00000000000000000e+00,        +0.00000000000000000e+00,        +0.00000000000000000e+00,        +0.00000000000000000e+00,        +0.00000000000000000e+00,        +0.00000000000000000e+00,        +0.00000000000000000e+00,        +0.00000000000000000e+00,        +0.00000000000000000e+00,        +0.00000000000000000e+00,        +0.00000000000000000e+00,        +0.00000000000000000e+00,        +0.00000000000000000e+00,        +0.00000000000000000e+00,        +0.00000000000000000e+00,        +0.00000000000000000e+00,        +0.00000000000000000e+00,        +0.00000000000000000e+00,        +0.00000000000000000e+00,        +0.00000000000000000e+00,        +0.00000000000000000e+00,        +0.00000000000000000e+00,        +0.00000000000000000e+00,        +0.00000000000000000e+00,        +0.00000000000000000e+00,        +0.00000000000000000e+00,        +0.00000000000000000e+00,        +0.00000000000000000e+00,        +0.00000000000000000e+00,        +0.00000000000000000e+00,        +0.00000000000000000e+00,        +0.00000000000000000e+00,        +0.00000000000000000e+00,        +0.00000000000000000e+00,        +0.00000000000000000e+00,        +0.00000000000000000e+00,        +0.00000000000000000e+00,        +0.00000000000000000e+00,        +0.00000000000000000e+00,        +0.00000000000000000e+00,        +0.00000000000000000e+00,        +0.00000000000000000e+00,        +0.00000000000000000e+00,        +0.00000000000000000e+00,        +0.00000000000000000e+00,        +0.00000000000000000e+00,        +0.00000000000000000e+00,        +0.00000000000000000e+00,        +0.00000000000000000e+00,        +0.00000000000000000e+00,        +0.00000000000000000e+00,        +0.00000000000000000e+00,        +0.00000000000000000e+00,        +0.00000000000000000e+00,        +0.00000000000000000e+00,        +0.00000000000000000e+00,        +0.00000000000000000e+00,        +0.00000000000000000e+00,        +0.00000000000000000e+00,        +0.00000000000000000e+00
        +0.00000000000000000e+00,        +0.00000000000000000e+00,        +0.00000000000000000e+00,        +0.00000000000000000e+00,        +0.00000000000000000e+00,        +0.00000000000000000e+00,        +0.00000000000000000e+00,        +4.19704455819146227e-02,        +5.63922648716301284e-03,        +3.24727113235906556e-02,        +2.54046883141829678e-03,        +1.93811314349125220e-02,        +8.07882619471532448e-03,        +3.18453747505413748e-02,        -1.61273383632642509e-03,        -7.63365731043262434e-03,        -6.72227843803418629e-02,        +1.74822889396105789e-02,        -7.83892562948883403e-02,        +3.61832960847030607e-02,        -4.91642313428698671e-02,        -6.86621315629218354e-03,        +0.00000000000000000e+00,        +0.00000000000000000e+00,        +0.00000000000000000e+00,        +0.00000000000000000e+00,        +0.00000000000000000e+00,        +0.00000000000000000e+00,        +0.00000000000000000e+00,        +0.00000000000000000e+00,        +0.00000000000000000e+00,        +0.00000000000000000e+00,        +0.00000000000000000e+00,        +0.00000000000000000e+00,        +0.00000000000000000e+00,        +0.00000000000000000e+00,        +0.00000000000000000e+00,        +0.00000000000000000e+00,        +0.00000000000000000e+00,        +0.00000000000000000e+00,        +0.00000000000000000e+00,        +0.00000000000000000e+00,        +0.00000000000000000e+00,        +0.00000000000000000e+00,        +0.00000000000000000e+00,        +0.00000000000000000e+00,        +0.00000000000000000e+00,        +0.00000000000000000e+00,        +0.00000000000000000e+00,        +0.00000000000000000e+00,        +0.00000000000000000e+00,        +0.00000000000000000e+00,        +0.00000000000000000e+00,        +0.00000000000000000e+00,        +0.00000000000000000e+00,        +0.00000000000000000e+00,        +0.00000000000000000e+00,        +0.00000000000000000e+00,        +0.00000000000000000e+00,        +0.00000000000000000e+00,        +0.00000000000000000e+00,        +0.00000000000000000e+00,        +0.00000000000000000e+00,        +0.00000000000000000e+00,        +0.00000000000000000e+00,        +0.00000000000000000e+00,        +0.00000000000000000e+00,        +0.00000000000000000e+00,        +0.00000000000000000e+00,        +0.00000000000000000e+00,        +0.00000000000000000e+00,        +0.00000000000000000e+00,        +0.00000000000000000e+00,        +0.00000000000000000e+00,        +0.00000000000000000e+00,        +0.00000000000000000e+00,        +0.00000000000000000e+00,        +0.00000000000000000e+00,        +0.00000000000000000e+00,        +0.00000000000000000e+00,        +0.00000000000000000e+00,        +0.00000000000000000e+00,        +0.00000000000000000e+00,        +0.00000000000000000e+00,        +0.00000000000000000e+00,        +0.00000000000000000e+00,        +0.00000000000000000e+00,        +0.00000000000000000e+00,        +0.00000000000000000e+00,        +0.00000000000000000e+00,        +0.00000000000000000e+00,        +0.00000000000000000e+00,        +0.00000000000000000e+00,        +0.00000000000000000e+00,        +0.00000000000000000e+00,        +0.00000000000000000e+00,        +0.00000000000000000e+00,        +0.00000000000000000e+00,        +0.00000000000000000e+00,        +0.00000000000000000e+00,        +0.00000000000000000e+00,        +0.00000000000000000e+00,        +0.00000000000000000e+00,        +0.00000000000000000e+00,        +0.00000000000000000e+00,        +0.00000000000000000e+00,        +0.00000000000000000e+00,        +0.00000000000000000e+00
        +0.00000000000000000e+00,        +0.00000000000000000e+00,        +0.00000000000000000e+00,        +0.00000000000000000e+00,        +0.00000000000000000e+00,        +0.00000000000000000e+00,        +0.00000000000000000e+00,        +0.00000000000000000e+00,        +1.48079345799096759e-02,        +7.94824782131745879e-03,        +7.01500439063726996e-03,        +1.17209347331099587e-02,        -3.15751239797105836e-03,        +4.89142630428467291e-03,        -3.19339211874983394e-03,        -8.55863325469295722e-03,        +1.41465981370516372e-02,        -1.51742769443804311e-03,        -2.54652062100496242e-02,        +3.77770553419997214e-03,        -3.07449356883047857e-02,        -1.69183242513232732e-02,        +0.00000000000000000e+00,        +0.00000000000000000e+00,        +0.00000000000000000e+00,        +0.00000000000000000e+00,        +0.00000000000000000e+00,        +0.00000000000000000e+00,        +0.00000000000000000e+00,        +0.00000000000000000e+00,        +0.00000000000000000e+00,        +0.00000000000000000e+00,        +0.00000000000000000e+00,        +0.00000000000000000e+00,        +0.00000000000000000e+00,        +0.00000000000000000e+00,        +0.00000000000000000e+00,        +0.00000000000000000e+00,        +0.00000000000000000e+00,        +0.00000000000000000e+00,        +0.00000000000000000e+00,        +0.00000000000000000e+00,        +0.00000000000000000e+00,        +0.00000000000000000e+00,        +0.00000000000000000e+00,        +0.00000000000000000e+00,        +0.00000000000000000e+00,        +0.00000000000000000e+00,        +0.00000000000000000e+00,        +0.00000000000000000e+00,        +0.00000000000000000e+00,        +0.00000000000000000e+00,        +0.00000000000000000e+00,        +0.00000000000000000e+00,        +0.00000000000000000e+00,        +0.00000000000000000e+00,        +0.00000000000000000e+00,        +0.00000000000000000e+00,        +0.00000000000000000e+00,        +0.00000000000000000e+00,        +0.00000000000000000e+00,        +0.00000000000000000e+00,        +0.00000000000000000e+00,        +0.00000000000000000e+00,        +0.00000000000000000e+00,        +0.00000000000000000e+00,        +0.00000000000000000e+00,        +0.00000000000000000e+00,        +0.00000000000000000e+00,        +0.00000000000000000e+00,        +0.00000000000000000e+00,        +0.00000000000000000e+00,        +0.00000000000000000e+00,        +0.00000000000000000e+00,        +0.00000000000000000e+00,        +0.00000000000000000e+00,        +0.00000000000000000e+00,        +0.00000000000000000e+00,        +0.00000000000000000e+00,        +0.00000000000000000e+00,        +0.00000000000000000e+00,        +0.00000000000000000e+00,        +0.00000000000000000e+00,        +0.00000000000000000e+00,        +0.00000000000000000e+00,        +0.00000000000000000e+00,        +0.00000000000000000e+00,        +0.00000000000000000e+00,        +0.00000000000000000e+00,        +0.00000000000000000e+00,        +0.00000000000000000e+00,        +0.00000000000000000e+00,        +0.00000000000000000e+00,        +0.00000000000000000e+00,        +0.00000000000000000e+00,        +0.00000000000000000e+00,        +0.00000000000000000e+00,        +0.00000000000000000e+00,        +0.00000000000000000e+00,        +0.00000000000000000e+00,        +0.00000000000000000e+00,        +0.00000000000000000e+00,        +0.00000000000000000e+00,        +0.00000000000000000e+00,        +0.00000000000000000e+00,        +0.00000000000000000e+00,        +0.00000000000000000e+00,        +0.00000000000000000e+00
        +0.00000000000000000e+00,        +0.00000000000000000e+00,        +0.00000000000000000e+00,        +0.00000000000000000e+00,        +0.00000000000000000e+00,        +0.00000000000000000e+00,        +0.00000000000000000e+00,        +0.00000000000000000e+00,        +0.00000000000000000e+00,        +5.40378831162583329e-03,        -1.45600740003375899e-03,        +2.22254578618303342e-03,        -3.38402046043116255e-03,        +3.15509248208269697e-04,        +5.90490472923972383e-04,        -1.49154937069384021e-03,        -1.09940237697404478e-01,        +3.33611426951107709e-02,        -8.19460366712015942e-02,        -6.32558476051999288e-03,        -2.89973885698452914e-02,        -1.92827121902209783e-02,        +0.00000000000000000e+00,        +0.00000000000000000e+00,        +0.00000000000000000e+00,        +0.00000000000000000e+00,        +0.00000000000000000e+00,        +0.00000000000000000e+00,        +0.00000000000000000e+00,        +0.00000000000000000e+00,        +0.00000000000000000e+00,        +0.00000000000000000e+00,        +0.00000000000000000e+00,        +0.00000000000000000e+00,        +0.00000000000000000e+00,        +0.00000000000000000e+00,        +0.00000000000000000e+00,        +0.00000000000000000e+00,        +0.00000000000000000e+00,        +0.00000000000000000e+00,        +0.00000000000000000e+00,        +0.00000000000000000e+00,        +0.00000000000000000e+00,        +0.00000000000000000e+00,        +0.00000000000000000e+00,        +0.00000000000000000e+00,        +0.00000000000000000e+00,        +0.00000000000000000e+00,        +0.00000000000000000e+00,        +0.00000000000000000e+00,        +0.00000000000000000e+00,        +0.00000000000000000e+00,        +0.00000000000000000e+00,        +0.00000000000000000e+00,        +0.00000000000000000e+00,        +0.00000000000000000e+00,        +0.00000000000000000e+00,        +0.00000000000000000e+00,        +0.00000000000000000e+00,        +0.00000000000000000e+00,        +0.00000000000000000e+00,        +0.00000000000000000e+00,        +0.00000000000000000e+00,        +0.00000000000000000e+00,        +0.00000000000000000e+00,        +0.00000000000000000e+00,        +0.00000000000000000e+00,        +0.00000000000000000e+00,        +0.00000000000000000e+00,        +0.00000000000000000e+00,        +0.00000000000000000e+00,        +0.00000000000000000e+00,        +0.00000000000000000e+00,        +0.00000000000000000e+00,        +0.00000000000000000e+00,        +0.00000000000000000e+00,        +0.00000000000000000e+00,        +0.00000000000000000e+00,        +0.00000000000000000e+00,        +0.00000000000000000e+00,        +0.00000000000000000e+00,        +0.00000000000000000e+00,        +0.00000000000000000e+00,        +0.00000000000000000e+00,        +0.00000000000000000e+00,        +0.00000000000000000e+00,        +0.00000000000000000e+00,        +0.00000000000000000e+00,        +0.00000000000000000e+00,        +0.00000000000000000e+00,        +0.00000000000000000e+00,        +0.00000000000000000e+00,        +0.00000000000000000e+00,        +0.00000000000000000e+00,        +0.00000000000000000e+00,        +0.00000000000000000e+00,        +0.00000000000000000e+00,        +0.00000000000000000e+00,        +0.00000000000000000e+00,        +0.00000000000000000e+00,        +0.00000000000000000e+00,        +0.00000000000000000e+00,        +0.00000000000000000e+00,        +0.00000000000000000e+00,        +0.00000000000000000e+00,        +0.00000000000000000e+00,        +0.00000000000000000e+00,        +0.00000000000000000e+00
        +0.00000000000000000e+00,        +0.00000000000000000e+00,        +0.00000000000000000e+00,        +0.00000000000000000e+00,        +0.00000000000000000e+00,        +0.00000000000000000e+00,        +0.00000000000000000e+00,        +0.00000000000000000e+00,        +0.00000000000000000e+00,        +0.00000000000000000e+00,        +1.04535035161503484e-03,        +3.40189805621189569e-04,        -2.05281938181988262e-05,        -9.49258680550682998e-04,        -2.73502931332522833e-04,        -1.42018424210236025e-04,        +6.25097577709322286e-03,        -5.75436061663893786e-03,        +1.07193613627456497e-02,        -2.73326784159699928e-03,        +5.52582300058577711e-03,        +2.79138839060708152e-03,        +0.00000000000000000e+00,        +0.00000000000000000e+00,        +0.00000000000000000e+00,        +0.00000000000000000e+00,        +0.00000000000000000e+00,        +0.00000000000000000e+00,        +0.00000000000000000e+00,        +0.00000000000000000e+00,        +0.00000000000000000e+00,        +0.00000000000000000e+00,        +0.00000000000000000e+00,        +0.00000000000000000e+00,        +0.00000000000000000e+00,        +0.00000000000000000e+00,        +0.00000000000000000e+00,        +0.00000000000000000e+00,        +0.00000000000000000e+00,        +0.00000000000000000e+00,        +0.00000000000000000e+00,        +0.00000000000000000e+00,        +0.00000000000000000e+00,        +0.00000000000000000e+00,        +0.00000000000000000e+00,        +0.00000000000000000e+00,        +0.00000000000000000e+00,        +0.00000000000000000e+00,        +0.00000000000000000e+00,        +0.00000000000000000e+00,        +0.00000000000000000e+00,        +0.00000000000000000e+00,        +0.00000000000000000e+00,        +0.00000000000000000e+00,        +0.00000000000000000e+00,        +0.00000000000000000e+00,        +0.00000000000000000e+00,        +0.00000000000000000e+00,        +0.00000000000000000e+00,        +0.00000000000000000e+00,        +0.00000000000000000e+00,        +0.00000000000000000e+00,        +0.00000000000000000e+00,        +0.00000000000000000e+00,        +0.00000000000000000e+00,        +0.00000000000000000e+00,        +0.00000000000000000e+00,        +0.00000000000000000e+00,        +0.00000000000000000e+00,        +0.00000000000000000e+00,        +0.00000000000000000e+00,        +0.00000000000000000e+00,        +0.00000000000000000e+00,        +0.00000000000000000e+00,        +0.00000000000000000e+00,        +0.00000000000000000e+00,        +0.00000000000000000e+00,        +0.00000000000000000e+00,        +0.00000000000000000e+00,        +0.00000000000000000e+00,        +0.00000000000000000e+00,        +0.00000000000000000e+00,        +0.00000000000000000e+00,        +0.00000000000000000e+00,        +0.00000000000000000e+00,        +0.00000000000000000e+00,        +0.00000000000000000e+00,        +0.00000000000000000e+00,        +0.00000000000000000e+00,        +0.00000000000000000e+00,        +0.00000000000000000e+00,        +0.00000000000000000e+00,        +0.00000000000000000e+00,        +0.00000000000000000e+00,        +0.00000000000000000e+00,        +0.00000000000000000e+00,        +0.00000000000000000e+00,        +0.00000000000000000e+00,        +0.00000000000000000e+00,        +0.00000000000000000e+00,        +0.00000000000000000e+00,        +0.00000000000000000e+00,        +0.00000000000000000e+00,        +0.00000000000000000e+00,        +0.00000000000000000e+00,        +0.00000000000000000e+00,        +0.00000000000000000e+00,        +0.00000000000000000e+00
        +0.00000000000000000e+00,        +0.00000000000000000e+00,        +0.00000000000000000e+00,        +0.00000000000000000e+00,        +0.00000000000000000e+00,        +0.00000000000000000e+00,        +0.00000000000000000e+00,        +0.00000000000000000e+00,        +0.00000000000000000e+00,        +0.00000000000000000e+00,        +0.00000000000000000e+00,        +1.23421941537414626e-03,        +7.60116977419960206e-04,        -9.40681634801567934e-04,        -5.52428703076347891e-04,        -2.74021342604498209e-04,        +4.83147271514595619e-02,        -2.18522671590314563e-02,        +3.65995951520403512e-02,        -3.07600014356237917e-03,        +1.17924095344421054e-02,        +6.18680186913457900e-03,        +0.00000000000000000e+00,        +0.00000000000000000e+00,        +0.00000000000000000e+00,        +0.00000000000000000e+00,        +0.00000000000000000e+00,        +0.00000000000000000e+00,        +0.00000000000000000e+00,        +0.00000000000000000e+00,        +0.00000000000000000e+00,        +0.00000000000000000e+00,        +0.00000000000000000e+00,        +0.00000000000000000e+00,        +0.00000000000000000e+00,        +0.00000000000000000e+00,        +0.00000000000000000e+00,        +0.00000000000000000e+00,        +0.00000000000000000e+00,        +0.00000000000000000e+00,        +0.00000000000000000e+00,        +0.00000000000000000e+00,        +0.00000000000000000e+00,        +0.00000000000000000e+00,        +0.00000000000000000e+00,        +0.00000000000000000e+00,        +0.00000000000000000e+00,        +0.00000000000000000e+00,        +0.00000000000000000e+00,        +0.00000000000000000e+00,        +0.00000000000000000e+00,        +0.00000000000000000e+00,        +0.00000000000000000e+00,        +0.00000000000000000e+00,        +0.00000000000000000e+00,        +0.00000000000000000e+00,        +0.00000000000000000e+00,        +0.00000000000000000e+00,        +0.00000000000000000e+00,        +0.00000000000000000e+00,        +0.00000000000000000e+00,        +0.00000000000000000e+00,        +0.00000000000000000e+00,        +0.00000000000000000e+00,        +0.00000000000000000e+00,        +0.00000000000000000e+00,        +0.00000000000000000e+00,        +0.00000000000000000e+00,        +0.00000000000000000e+00,        +0.00000000000000000e+00,        +0.00000000000000000e+00,        +0.00000000000000000e+00,        +0.00000000000000000e+00,        +0.00000000000000000e+00,        +0.00000000000000000e+00,        +0.00000000000000000e+00,        +0.00000000000000000e+00,        +0.00000000000000000e+00,        +0.00000000000000000e+00,        +0.00000000000000000e+00,        +0.00000000000000000e+00,        +0.00000000000000000e+00,        +0.00000000000000000e+00,        +0.00000000000000000e+00,        +0.00000000000000000e+00,        +0.00000000000000000e+00,        +0.00000000000000000e+00,        +0.00000000000000000e+00,        +0.00000000000000000e+00,        +0.00000000000000000e+00,        +0.00000000000000000e+00,        +0.00000000000000000e+00,        +0.00000000000000000e+00,        +0.00000000000000000e+00,        +0.00000000000000000e+00,        +0.00000000000000000e+00,        +0.00000000000000000e+00,        +0.00000000000000000e+00,        +0.00000000000000000e+00,        +0.00000000000000000e+00,        +0.00000000000000000e+00,        +0.00000000000000000e+00,        +0.00000000000000000e+00,        +0.00000000000000000e+00,        +0.00000000000000000e+00,        +0.00000000000000000e+00,        +0.00000000000000000e+00,        +0.00000000000000000e+00
        +0.00000000000000000e+00,        +0.00000000000000000e+00,        +0.00000000000000000e+00,        +0.00000000000000000e+00,        +0.00000000000000000e+00,        +0.00000000000000000e+00,        +0.00000000000000000e+00,        +0.00000000000000000e+00,        +0.00000000000000000e+00,        +0.00000000000000000e+00,        +0.00000000000000000e+00,        +0.00000000000000000e+00,        +3.69128408281027835e-04,        +1.10297468488032633e-04,        +2.37009868594138611e-04,        +6.15785669154718141e-05,        +1.46399208259906204e-02,        -5.12083675573031527e-03,        +5.00436180399938847e-03,        +2.88352125016075420e-04,        +1.13256407568889209e-06,        -6.91151641864669796e-04,        +0.00000000000000000e+00,        +0.00000000000000000e+00,        +0.00000000000000000e+00,        +0.00000000000000000e+00,        +0.00000000000000000e+00,        +0.00000000000000000e+00,        +0.00000000000000000e+00,        +0.00000000000000000e+00,        +0.00000000000000000e+00,        +0.00000000000000000e+00,        +0.00000000000000000e+00,        +0.00000000000000000e+00,        +0.00000000000000000e+00,        +0.00000000000000000e+00,        +0.00000000000000000e+00,        +0.00000000000000000e+00,        +0.00000000000000000e+00,        +0.00000000000000000e+00,        +0.00000000000000000e+00,        +0.00000000000000000e+00,        +0.00000000000000000e+00,        +0.00000000000000000e+00,        +0.00000000000000000e+00,        +0.00000000000000000e+00,        +0.00000000000000000e+00,        +0.00000000000000000e+00,        +0.00000000000000000e+00,        +0.00000000000000000e+00,        +0.00000000000000000e+00,        +0.00000000000000000e+00,        +0.00000000000000000e+00,        +0.00000000000000000e+00,        +0.00000000000000000e+00,        +0.00000000000000000e+00,        +0.00000000000000000e+00,        +0.00000000000000000e+00,        +0.00000000000000000e+00,        +0.00000000000000000e+00,        +0.00000000000000000e+00,        +0.00000000000000000e+00,        +0.00000000000000000e+00,        +0.00000000000000000e+00,        +0.00000000000000000e+00,        +0.00000000000000000e+00,        +0.00000000000000000e+00,        +0.00000000000000000e+00,        +0.00000000000000000e+00,        +0.00000000000000000e+00,        +0.00000000000000000e+00,        +0.00000000000000000e+00,        +0.00000000000000000e+00,        +0.00000000000000000e+00,        +0.00000000000000000e+00,        +0.00000000000000000e+00,        +0.00000000000000000e+00,        +0.00000000000000000e+00,        +0.00000000000000000e+00,        +0.00000000000000000e+00,        +0.00000000000000000e+00,        +0.00000000000000000e+00,        +0.00000000000000000e+00,        +0.00000000000000000e+00,        +0.00000000000000000e+00,        +0.00000000000000000e+00,        +0.00000000000000000e+00,        +0.00000000000000000e+00,        +0.00000000000000000e+00,        +0.00000000000000000e+00,        +0.00000000000000000e+00,        +0.00000000000000000e+00,        +0.00000000000000000e+00,        +0.00000000000000000e+00,        +0.00000000000000000e+00,        +0.00000000000000000e+00,        +0.00000000000000000e+00,        +0.00000000000000000e+00,        +0.00000000000000000e+00,        +0.00000000000000000e+00,        +0.00000000000000000e+00,        +0.00000000000000000e+00,        +0.00000000000000000e+00,        +0.00000000000000000e+00,        +0.00000000000000000e+00,        +0.00000000000000000e+00,        +0.00000000000000000e+00,        +0.00000000000000000e+00
        +0.00000000000000000e+00,        +0.00000000000000000e+00,        +0.00000000000000000e+00,        +0.00000000000000000e+00,        +0.00000000000000000e+00,        +0.00000000000000000e+00,        +0.00000000000000000e+00,        +0.00000000000000000e+00,        +0.00000000000000000e+00,        +0.00000000000000000e+00,        +0.00000000000000000e+00,        +0.00000000000000000e+00,        +0.00000000000000000e+00,        +6.12036915100944070e-04,        +1.15646819481383153e-04,        -6.15124347994665298e-04,        -5.43367956694689944e-03,        -2.75347091970398706e-03,        -7.43157182563218902e-03,        -3.49104867683875308e-03,        -2.87191797410578289e-03,        -4.72540706194803616e-03,        +0.00000000000000000e+00,        +0.00000000000000000e+00,        +0.00000000000000000e+00,        +0.00000000000000000e+00,        +0.00000000000000000e+00,        +0.00000000000000000e+00,        +0.00000000000000000e+00,        +0.00000000000000000e+00,        +0.00000000000000000e+00,        +0.00000000000000000e+00,        +0.00000000000000000e+00,        +0.00000000000000000e+00,        +0.00000000000000000e+00,        +0.00000000000000000e+00,        +0.00000000000000000e+00,        +0.00000000000000000e+00,        +0.00000000000000000e+00,        +0.00000000000000000e+00,        +0.00000000000000000e+00,        +0.00000000000000000e+00,        +0.00000000000000000e+00,        +0.00000000000000000e+00,        +0.00000000000000000e+00,        +0.00000000000000000e+00,        +0.00000000000000000e+00,        +0.00000000000000000e+00,        +0.00000000000000000e+00,        +0.00000000000000000e+00,        +0.00000000000000000e+00,        +0.00000000000000000e+00,        +0.00000000000000000e+00,        +0.00000000000000000e+00,        +0.00000000000000000e+00,        +0.00000000000000000e+00,        +0.00000000000000000e+00,        +0.00000000000000000e+00,        +0.00000000000000000e+00,        +0.00000000000000000e+00,        +0.00000000000000000e+00,        +0.00000000000000000e+00,        +0.00000000000000000e+00,        +0.00000000000000000e+00,        +0.00000000000000000e+00,        +0.00000000000000000e+00,        +0.00000000000000000e+00,        +0.00000000000000000e+00,        +0.00000000000000000e+00,        +0.00000000000000000e+00,        +0.00000000000000000e+00,        +0.00000000000000000e+00,        +0.00000000000000000e+00,        +0.00000000000000000e+00,        +0.00000000000000000e+00,        +0.00000000000000000e+00,        +0.00000000000000000e+00,        +0.00000000000000000e+00,        +0.00000000000000000e+00,        +0.00000000000000000e+00,        +0.00000000000000000e+00,        +0.00000000000000000e+00,        +0.00000000000000000e+00,        +0.00000000000000000e+00,        +0.00000000000000000e+00,        +0.00000000000000000e+00,        +0.00000000000000000e+00,        +0.00000000000000000e+00,        +0.00000000000000000e+00,        +0.00000000000000000e+00,        +0.00000000000000000e+00,        +0.00000000000000000e+00,        +0.00000000000000000e+00,        +0.00000000000000000e+00,        +0.00000000000000000e+00,        +0.00000000000000000e+00,        +0.00000000000000000e+00,        +0.00000000000000000e+00,        +0.00000000000000000e+00,        +0.00000000000000000e+00,        +0.00000000000000000e+00,        +0.00000000000000000e+00,        +0.00000000000000000e+00,        +0.00000000000000000e+00,        +0.00000000000000000e+00,        +0.00000000000000000e+00,        +0.00000000000000000e+00,        +0.00000000000000000e+00
        +0.00000000000000000e+00,        +0.00000000000000000e+00,        +0.00000000000000000e+00,        +0.00000000000000000e+00,        +0.00000000000000000e+00,        +0.00000000000000000e+00,        +0.00000000000000000e+00,        +0.00000000000000000e+00,        +0.00000000000000000e+00,        +0.00000000000000000e+00,        +0.00000000000000000e+00,        +0.00000000000000000e+00,        +0.00000000000000000e+00,        +0.00000000000000000e+00,        +4.58626845360956235e-03,        +6.25842899533314524e-04,        +7.73415259088110381e-03,        -5.50060028002748690e-03,        +6.80371417225975571e-03,        -3.18170883061981088e-03,        +5.68535497801389827e-03,        -1.22096678357722023e-03,        +0.00000000000000000e+00,        +0.00000000000000000e+00,        +0.00000000000000000e+00,        +0.00000000000000000e+00,        +0.00000000000000000e+00,        +0.00000000000000000e+00,        +0.00000000000000000e+00,        +0.00000000000000000e+00,        +0.00000000000000000e+00,        +0.00000000000000000e+00,        +0.00000000000000000e+00,        +0.00000000000000000e+00,        +0.00000000000000000e+00,        +0.00000000000000000e+00,        +0.00000000000000000e+00,        +0.00000000000000000e+00,        +0.00000000000000000e+00,        +0.00000000000000000e+00,        +0.00000000000000000e+00,        +0.00000000000000000e+00,        +0.00000000000000000e+00,        +0.00000000000000000e+00,        +0.00000000000000000e+00,        +0.00000000000000000e+00,        +0.00000000000000000e+00,        +0.00000000000000000e+00,        +0.00000000000000000e+00,        +0.00000000000000000e+00,        +0.00000000000000000e+00,        +0.00000000000000000e+00,        +0.00000000000000000e+00,        +0.00000000000000000e+00,        +0.00000000000000000e+00,        +0.00000000000000000e+00,        +0.00000000000000000e+00,        +0.00000000000000000e+00,        +0.00000000000000000e+00,        +0.00000000000000000e+00,        +0.00000000000000000e+00,        +0.00000000000000000e+00,        +0.00000000000000000e+00,        +0.00000000000000000e+00,        +0.00000000000000000e+00,        +0.00000000000000000e+00,        +0.00000000000000000e+00,        +0.00000000000000000e+00,        +0.00000000000000000e+00,        +0.00000000000000000e+00,        +0.00000000000000000e+00,        +0.00000000000000000e+00,        +0.00000000000000000e+00,        +0.00000000000000000e+00,        +0.00000000000000000e+00,        +0.00000000000000000e+00,        +0.00000000000000000e+00,        +0.00000000000000000e+00,        +0.00000000000000000e+00,        +0.00000000000000000e+00,        +0.00000000000000000e+00,        +0.00000000000000000e+00,        +0.00000000000000000e+00,        +0.00000000000000000e+00,        +0.00000000000000000e+00,        +0.00000000000000000e+00,        +0.00000000000000000e+00,        +0.00000000000000000e+00,        +0.00000000000000000e+00,        +0.00000000000000000e+00,        +0.00000000000000000e+00,        +0.00000000000000000e+00,        +0.00000000000000000e+00,        +0.00000000000000000e+00,        +0.00000000000000000e+00,        +0.00000000000000000e+00,        +0.00000000000000000e+00,        +0.00000000000000000e+00,        +0.00000000000000000e+00,        +0.00000000000000000e+00,        +0.00000000000000000e+00,        +0.00000000000000000e+00,        +0.00000000000000000e+00,        +0.00000000000000000e+00,        +0.00000000000000000e+00,        +0.00000000000000000e+00,        +0.00000000000000000e+00,        +0.00000000000000000e+00
        +0.00000000000000000e+00,        +0.00000000000000000e+00,        +0.00000000000000000e+00,        +0.00000000000000000e+00,        +0.00000000000000000e+00,        +0.00000000000000000e+00,        +0.00000000000000000e+00,        +0.00000000000000000e+00,        +0.00000000000000000e+00,        +0.00000000000000000e+00,        +0.00000000000000000e+00,        +0.00000000000000000e+00,        +0.00000000000000000e+00,        +0.00000000000000000e+00,        +0.00000000000000000e+00,        +1.52549264756583302e-03,        +2.13341047022214472e-02,        +5.48723805020488080e-04,        +1.55814625494385926e-02,        +6.88250161503465869e-03,        +7.80670113119285788e-03,        +9.30484201221903721e-03,        +0.00000000000000000e+00,        +0.00000000000000000e+00,        +0.00000000000000000e+00,        +0.00000000000000000e+00,        +0.00000000000000000e+00,        +0.00000000000000000e+00,        +0.00000000000000000e+00,        +0.00000000000000000e+00,        +0.00000000000000000e+00,        +0.00000000000000000e+00,        +0.00000000000000000e+00,        +0.00000000000000000e+00,        +0.00000000000000000e+00,        +0.00000000000000000e+00,        +0.00000000000000000e+00,        +0.00000000000000000e+00,        +0.00000000000000000e+00,        +0.00000000000000000e+00,        +0.00000000000000000e+00,        +0.00000000000000000e+00,        +0.00000000000000000e+00,        +0.00000000000000000e+00,        +0.00000000000000000e+00,        +0.00000000000000000e+00,        +0.00000000000000000e+00,        +0.00000000000000000e+00,        +0.00000000000000000e+00,        +0.00000000000000000e+00,        +0.00000000000000000e+00,        +0.00000000000000000e+00,        +0.00000000000000000e+00,        +0.00000000000000000e+00,        +0.00000000000000000e+00,        +0.00000000000000000e+00,        +0.00000000000000000e+00,        +0.00000000000000000e+00,        +0.00000000000000000e+00,        +0.00000000000000000e+00,        +0.00000000000000000e+00,        +0.00000000000000000e+00,        +0.00000000000000000e+00,        +0.00000000000000000e+00,        +0.00000000000000000e+00,        +0.00000000000000000e+00,        +0.00000000000000000e+00,        +0.00000000000000000e+00,        +0.00000000000000000e+00,        +0.00000000000000000e+00,        +0.00000000000000000e+00,        +0.00000000000000000e+00,        +0.00000000000000000e+00,        +0.00000000000000000e+00,        +0.00000000000000000e+00,        +0.00000000000000000e+00,        +0.00000000000000000e+00,        +0.00000000000000000e+00,        +0.00000000000000000e+00,        +0.00000000000000000e+00,        +0.00000000000000000e+00,        +0.00000000000000000e+00,        +0.00000000000000000e+00,        +0.00000000000000000e+00,        +0.00000000000000000e+00,        +0.00000000000000000e+00,        +0.00000000000000000e+00,        +0.00000000000000000e+00,        +0.00000000000000000e+00,        +0.00000000000000000e+00,        +0.00000000000000000e+00,        +0.00000000000000000e+00,        +0.00000000000000000e+00,        +0.00000000000000000e+00,        +0.00000000000000000e+00,        +0.00000000000000000e+00,        +0.00000000000000000e+00,        +0.00000000000000000e+00,        +0.00000000000000000e+00,        +0.00000000000000000e+00,        +0.00000000000000000e+00,        +0.00000000000000000e+00,        +0.00000000000000000e+00,        +0.00000000000000000e+00,        +0.00000000000000000e+00,        +0.00000000000000000e+00,        +0.00000000000000000e+00,        +0.00000000000000000e+00
        +0.00000000000000000e+00,        +0.00000000000000000e+00,        +0.00000000000000000e+00,        +0.00000000000000000e+00,        +0.00000000000000000e+00,        +0.00000000000000000e+00,        +0.00000000000000000e+00,        +0.00000000000000000e+00,        +0.00000000000000000e+00,        +0.00000000000000000e+00,        +0.00000000000000000e+00,        +0.00000000000000000e+00,        +0.00000000000000000e+00,        +0.00000000000000000e+00,        +0.00000000000000000e+00,        +0.00000000000000000e+00,        +2.25319193593433720e-02,        -1.41659480062667122e-02,        +1.31179857502331000e-02,        -5.92436247913787593e-03,        +4.85137762692159670e-03,        -1.23858423634892311e-03,        +0.00000000000000000e+00,        +0.00000000000000000e+00,        +0.00000000000000000e+00,        +0.00000000000000000e+00,        +0.00000000000000000e+00,        +0.00000000000000000e+00,        +0.00000000000000000e+00,        +0.00000000000000000e+00,        +0.00000000000000000e+00,        +0.00000000000000000e+00,        +0.00000000000000000e+00,        +0.00000000000000000e+00,        +0.00000000000000000e+00,        +0.00000000000000000e+00,        +0.00000000000000000e+00,        +0.00000000000000000e+00,        +0.00000000000000000e+00,        +0.00000000000000000e+00,        +0.00000000000000000e+00,        +0.00000000000000000e+00,        +0.00000000000000000e+00,        +0.00000000000000000e+00,        +0.00000000000000000e+00,        +0.00000000000000000e+00,        +0.00000000000000000e+00,        +0.00000000000000000e+00,        +0.00000000000000000e+00,        +0.00000000000000000e+00,        +0.00000000000000000e+00,        +0.00000000000000000e+00,        +0.00000000000000000e+00,        +0.00000000000000000e+00,        +0.00000000000000000e+00,        +0.00000000000000000e+00,        +0.00000000000000000e+00,        +0.00000000000000000e+00,        +0.00000000000000000e+00,        +0.00000000000000000e+00,        +0.00000000000000000e+00,        +0.00000000000000000e+00,        +0.00000000000000000e+00,        +0.00000000000000000e+00,        +0.00000000000000000e+00,        +0.00000000000000000e+00,        +0.00000000000000000e+00,        +0.00000000000000000e+00,        +0.00000000000000000e+00,        +0.00000000000000000e+00,        +0.00000000000000000e+00,        +0.00000000000000000e+00,        +0.00000000000000000e+00,        +0.00000000000000000e+00,        +0.00000000000000000e+00,        +0.00000000000000000e+00,        +0.00000000000000000e+00,        +0.00000000000000000e+00,        +0.00000000000000000e+00,        +0.00000000000000000e+00,        +0.00000000000000000e+00,        +0.00000000000000000e+00,        +0.00000000000000000e+00,        +0.00000000000000000e+00,        +0.00000000000000000e+00,        +0.00000000000000000e+00,        +0.00000000000000000e+00,        +0.00000000000000000e+00,        +0.00000000000000000e+00,        +0.00000000000000000e+00,        +0.00000000000000000e+00,        +0.00000000000000000e+00,        +0.00000000000000000e+00,        +0.00000000000000000e+00,        +0.00000000000000000e+00,        +0.00000000000000000e+00,        +0.00000000000000000e+00,        +0.00000000000000000e+00,        +0.00000000000000000e+00,        +0.00000000000000000e+00,        +0.00000000000000000e+00,        +0.00000000000000000e+00,        +0.00000000000000000e+00,        +0.00000000000000000e+00,        +0.00000000000000000e+00,        +0.00000000000000000e+00,        +0.00000000000000000e+00,        +0.00000000000000000e+00
        +0.00000000000000000e+00,        +0.00000000000000000e+00,        +0.00000000000000000e+00,        +0.00000000000000000e+00,        +0.00000000000000000e+00,        +0.00000000000000000e+00,        +0.00000000000000000e+00,        +0.00000000000000000e+00,        +0.00000000000000000e+00,        +0.00000000000000000e+00,        +0.00000000000000000e+00,        +0.00000000000000000e+00,        +0.00000000000000000e+00,        +0.00000000000000000e+00,        +0.00000000000000000e+00,        +0.00000000000000000e+00,        +0.00000000000000000e+00,        +1.13070311013514432e-02,        -2.04068450916374206e-03,        +8.41237741925492978e-03,        -2.26597709200262835e-03,        +4.13963050217921319e-03,        +0.00000000000000000e+00,        +0.00000000000000000e+00,        +0.00000000000000000e+00,        +0.00000000000000000e+00,        +0.00000000000000000e+00,        +0.00000000000000000e+00,        +0.00000000000000000e+00,        +0.00000000000000000e+00,        +0.00000000000000000e+00,        +0.00000000000000000e+00,        +0.00000000000000000e+00,        +0.00000000000000000e+00,        +0.00000000000000000e+00,        +0.00000000000000000e+00,        +0.00000000000000000e+00,        +0.00000000000000000e+00,        +0.00000000000000000e+00,        +0.00000000000000000e+00,        +0.00000000000000000e+00,        +0.00000000000000000e+00,        +0.00000000000000000e+00,        +0.00000000000000000e+00,        +0.00000000000000000e+00,        +0.00000000000000000e+00,        +0.00000000000000000e+00,        +0.00000000000000000e+00,        +0.00000000000000000e+00,        +0.00000000000000000e+00,        +0.00000000000000000e+00,        +0.00000000000000000e+00,        +0.00000000000000000e+00,        +0.00000000000000000e+00,        +0.00000000000000000e+00,        +0.00000000000000000e+00,        +0.00000000000000000e+00,        +0.00000000000000000e+00,        +0.00000000000000000e+00,        +0.00000000000000000e+00,        +0.00000000000000000e+00,        +0.00000000000000000e+00,        +0.00000000000000000e+00,        +0.00000000000000000e+00,        +0.00000000000000000e+00,        +0.00000000000000000e+00,        +0.00000000000000000e+00,        +0.00000000000000000e+00,        +0.00000000000000000e+00,        +0.00000000000000000e+00,        +0.00000000000000000e+00,        +0.00000000000000000e+00,        +0.00000000000000000e+00,        +0.00000000000000000e+00,        +0.00000000000000000e+00,        +0.00000000000000000e+00,        +0.00000000000000000e+00,        +0.00000000000000000e+00,        +0.00000000000000000e+00,        +0.00000000000000000e+00,        +0.00000000000000000e+00,        +0.00000000000000000e+00,        +0.00000000000000000e+00,        +0.00000000000000000e+00,        +0.00000000000000000e+00,        +0.00000000000000000e+00,        +0.00000000000000000e+00,        +0.00000000000000000e+00,        +0.00000000000000000e+00,        +0.00000000000000000e+00,        +0.00000000000000000e+00,        +0.00000000000000000e+00,        +0.00000000000000000e+00,        +0.00000000000000000e+00,        +0.00000000000000000e+00,        +0.00000000000000000e+00,        +0.00000000000000000e+00,        +0.00000000000000000e+00,        +0.00000000000000000e+00,        +0.00000000000000000e+00,        +0.00000000000000000e+00,        +0.00000000000000000e+00,        +0.00000000000000000e+00,        +0.00000000000000000e+00,        +0.00000000000000000e+00,        +0.00000000000000000e+00,        +0.00000000000000000e+00,        +0.00000000000000000e+00
        +0.00000000000000000e+00,        +0.00000000000000000e+00,        +0.00000000000000000e+00,        +0.00000000000000000e+00,        +0.00000000000000000e+00,        +0.00000000000000000e+00,        +0.00000000000000000e+00,        +0.00000000000000000e+00,        +0.00000000000000000e+00,        +0.00000000000000000e+00,        +0.00000000000000000e+00,        +0.00000000000000000e+00,        +0.00000000000000000e+00,        +0.00000000000000000e+00,        +0.00000000000000000e+00,        +0.00000000000000000e+00,        +0.00000000000000000e+00,        +0.00000000000000000e+00,        +1.64326486592945853e-03,        -1.12802084978839545e-03,        +1.44240670749200099e-03,        -7.49058180013061352e-04,        +0.00000000000000000e+00,        +0.00000000000000000e+00,        +0.00000000000000000e+00,        +0.00000000000000000e+00,        +0.00000000000000000e+00,        +0.00000000000000000e+00,        +0.00000000000000000e+00,        +0.00000000000000000e+00,        +0.00000000000000000e+00,        +0.00000000000000000e+00,        +0.00000000000000000e+00,        +0.00000000000000000e+00,        +0.00000000000000000e+00,        +0.00000000000000000e+00,        +0.00000000000000000e+00,        +0.00000000000000000e+00,        +0.00000000000000000e+00,        +0.00000000000000000e+00,        +0.00000000000000000e+00,        +0.00000000000000000e+00,        +0.00000000000000000e+00,        +0.00000000000000000e+00,        +0.00000000000000000e+00,        +0.00000000000000000e+00,        +0.00000000000000000e+00,        +0.00000000000000000e+00,        +0.00000000000000000e+00,        +0.00000000000000000e+00,        +0.00000000000000000e+00,        +0.00000000000000000e+00,        +0.00000000000000000e+00,        +0.00000000000000000e+00,        +0.00000000000000000e+00,        +0.00000000000000000e+00,        +0.00000000000000000e+00,        +0.00000000000000000e+00,        +0.00000000000000000e+00,        +0.00000000000000000e+00,        +0.00000000000000000e+00,        +0.00000000000000000e+00,        +0.00000000000000000e+00,        +0.00000000000000000e+00,        +0.00000000000000000e+00,        +0.00000000000000000e+00,        +0.00000000000000000e+00,        +0.00000000000000000e+00,        +0.00000000000000000e+00,        +0.00000000000000000e+00,        +0.00000000000000000e+00,        +0.00000000000000000e+00,        +0.00000000000000000e+00,        +0.00000000000000000e+00,        +0.00000000000000000e+00,        +0.00000000000000000e+00,        +0.00000000000000000e+00,        +0.00000000000000000e+00,        +0.00000000000000000e+00,        +0.00000000000000000e+00,        +0.00000000000000000e+00,        +0.00000000000000000e+00,        +0.00000000000000000e+00,        +0.00000000000000000e+00,        +0.00000000000000000e+00,        +0.00000000000000000e+00,        +0.00000000000000000e+00,        +0.00000000000000000e+00,        +0.00000000000000000e+00,        +0.00000000000000000e+00,        +0.00000000000000000e+00,        +0.00000000000000000e+00,        +0.00000000000000000e+00,        +0.00000000000000000e+00,        +0.00000000000000000e+00,        +0.00000000000000000e+00,        +0.00000000000000000e+00,        +0.00000000000000000e+00,        +0.00000000000000000e+00,        +0.00000000000000000e+00,        +0.00000000000000000e+00,        +0.00000000000000000e+00,        +0.00000000000000000e+00,        +0.00000000000000000e+00,        +0.00000000000000000e+00,        +0.00000000000000000e+00,        +0.00000000000000000e+00,        +0.00000000000000000e+00
        +0.00000000000000000e+00,        +0.00000000000000000e+00,        +0.00000000000000000e+00,        +0.00000000000000000e+00,        +0.00000000000000000e+00,        +0.00000000000000000e+00,        +0.00000000000000000e+00,        +0.00000000000000000e+00,        +0.00000000000000000e+00,        +0.00000000000000000e+00,        +0.00000000000000000e+00,        +0.00000000000000000e+00,        +0.00000000000000000e+00,        +0.00000000000000000e+00,        +0.00000000000000000e+00,        +0.00000000000000000e+00,        +0.00000000000000000e+00,        +0.00000000000000000e+00,        +0.00000000000000000e+00,        +1.61787238714670512e-03,        -1.53332011988680883e-04,        +1.60497112158650081e-03,        +0.00000000000000000e+00,        +0.00000000000000000e+00,        +0.00000000000000000e+00,        +0.00000000000000000e+00,        +0.00000000000000000e+00,        +0.00000000000000000e+00,        +0.00000000000000000e+00,        +0.00000000000000000e+00,        +0.00000000000000000e+00,        +0.00000000000000000e+00,        +0.00000000000000000e+00,        +0.00000000000000000e+00,        +0.00000000000000000e+00,        +0.00000000000000000e+00,        +0.00000000000000000e+00,        +0.00000000000000000e+00,        +0.00000000000000000e+00,        +0.00000000000000000e+00,        +0.00000000000000000e+00,        +0.00000000000000000e+00,        +0.00000000000000000e+00,        +0.00000000000000000e+00,        +0.00000000000000000e+00,        +0.00000000000000000e+00,        +0.00000000000000000e+00,        +0.00000000000000000e+00,        +0.00000000000000000e+00,        +0.00000000000000000e+00,        +0.00000000000000000e+00,        +0.00000000000000000e+00,        +0.00000000000000000e+00,        +0.00000000000000000e+00,        +0.00000000000000000e+00,        +0.00000000000000000e+00,        +0.00000000000000000e+00,        +0.00000000000000000e+00,        +0.00000000000000000e+00,        +0.00000000000000000e+00,        +0.00000000000000000e+00,        +0.00000000000000000e+00,        +0.00000000000000000e+00,        +0.00000000000000000e+00,        +0.00000000000000000e+00,        +0.00000000000000000e+00,        +0.00000000000000000e+00,        +0.00000000000000000e+00,        +0.00000000000000000e+00,        +0.00000000000000000e+00,        +0.00000000000000000e+00,        +0.00000000000000000e+00,        +0.00000000000000000e+00,        +0.00000000000000000e+00,        +0.00000000000000000e+00,        +0.00000000000000000e+00,        +0.00000000000000000e+00,        +0.00000000000000000e+00,        +0.00000000000000000e+00,        +0.00000000000000000e+00,        +0.00000000000000000e+00,        +0.00000000000000000e+00,        +0.00000000000000000e+00,        +0.00000000000000000e+00,        +0.00000000000000000e+00,        +0.00000000000000000e+00,        +0.00000000000000000e+00,        +0.00000000000000000e+00,        +0.00000000000000000e+00,        +0.00000000000000000e+00,        +0.00000000000000000e+00,        +0.00000000000000000e+00,        +0.00000000000000000e+00,        +0.00000000000000000e+00,        +0.00000000000000000e+00,        +0.00000000000000000e+00,        +0.00000000000000000e+00,        +0.00000000000000000e+00,        +0.00000000000000000e+00,        +0.00000000000000000e+00,        +0.00000000000000000e+00,        +0.00000000000000000e+00,        +0.00000000000000000e+00,        +0.00000000000000000e+00,        +0.00000000000000000e+00,        +0.00000000000000000e+00,        +0.00000000000000000e+00,        +0.00000000000000000e+00
        +0.00000000000000000e+00,        +0.00000000000000000e+00,        +0.00000000000000000e+00,        +0.00000000000000000e+00,        +0.00000000000000000e+00,        +0.00000000000000000e+00,        +0.00000000000000000e+00,        +0.00000000000000000e+00,        +0.00000000000000000e+00,        +0.00000000000000000e+00,        +0.00000000000000000e+00,        +0.00000000000000000e+00,        +0.00000000000000000e+00,        +0.00000000000000000e+00,        +0.00000000000000000e+00,        +0.00000000000000000e+00,        +0.00000000000000000e+00,        +0.00000000000000000e+00,        +0.00000000000000000e+00,        +0.00000000000000000e+00,        +8.14952161979017194e-04,        +3.40028265645743932e-04,        +0.00000000000000000e+00,        +0.00000000000000000e+00,        +0.00000000000000000e+00,        +0.00000000000000000e+00,        +0.00000000000000000e+00,        +0.00000000000000000e+00,        +0.00000000000000000e+00,        +0.00000000000000000e+00,        +0.00000000000000000e+00,        +0.00000000000000000e+00,        +0.00000000000000000e+00,        +0.00000000000000000e+00,        +0.00000000000000000e+00,        +0.00000000000000000e+00,        +0.00000000000000000e+00,        +0.00000000000000000e+00,        +0.00000000000000000e+00,        +0.00000000000000000e+00,        +0.00000000000000000e+00,        +0.00000000000000000e+00,        +0.00000000000000000e+00,        +0.00000000000000000e+00,        +0.00000000000000000e+00,        +0.00000000000000000e+00,        +0.00000000000000000e+00,        +0.00000000000000000e+00,        +0.00000000000000000e+00,        +0.00000000000000000e+00,        +0.00000000000000000e+00,        +0.00000000000000000e+00,        +0.00000000000000000e+00,        +0.00000000000000000e+00,        +0.00000000000000000e+00,        +0.00000000000000000e+00,        +0.00000000000000000e+00,        +0.00000000000000000e+00,        +0.00000000000000000e+00,        +0.00000000000000000e+00,        +0.00000000000000000e+00,        +0.00000000000000000e+00,        +0.00000000000000000e+00,        +0.00000000000000000e+00,        +0.00000000000000000e+00,        +0.00000000000000000e+00,        +0.00000000000000000e+00,        +0.00000000000000000e+00,        +0.00000000000000000e+00,        +0.00000000000000000e+00,        +0.00000000000000000e+00,        +0.00000000000000000e+00,        +0.00000000000000000e+00,        +0.00000000000000000e+00,        +0.00000000000000000e+00,        +0.00000000000000000e+00,        +0.00000000000000000e+00,        +0.00000000000000000e+00,        +0.00000000000000000e+00,        +0.00000000000000000e+00,        +0.00000000000000000e+00,        +0.00000000000000000e+00,        +0.00000000000000000e+00,        +0.00000000000000000e+00,        +0.00000000000000000e+00,        +0.00000000000000000e+00,        +0.00000000000000000e+00,        +0.00000000000000000e+00,        +0.00000000000000000e+00,        +0.00000000000000000e+00,        +0.00000000000000000e+00,        +0.00000000000000000e+00,        +0.00000000000000000e+00,        +0.00000000000000000e+00,        +0.00000000000000000e+00,        +0.00000000000000000e+00,        +0.00000000000000000e+00,        +0.00000000000000000e+00,        +0.00000000000000000e+00,        +0.00000000000000000e+00,        +0.00000000000000000e+00,        +0.00000000000000000e+00,        +0.00000000000000000e+00,        +0.00000000000000000e+00,        +0.00000000000000000e+00,        +0.00000000000000000e+00,        +0.00000000000000000e+00,        +0.00000000000000000e+00
        +0.00000000000000000e+00,        +0.00000000000000000e+00,        +0.00000000000000000e+00,        +0.00000000000000000e+00,        +0.00000000000000000e+00,        +0.00000000000000000e+00,        +0.00000000000000000e+00,        +0.00000000000000000e+00,        +0.00000000000000000e+00,        +0.00000000000000000e+00,        +0.00000000000000000e+00,        +0.00000000000000000e+00,        +0.00000000000000000e+00,        +0.00000000000000000e+00,        +0.00000000000000000e+00,        +0.00000000000000000e+00,        +0.00000000000000000e+00,        +0.00000000000000000e+00,        +0.00000000000000000e+00,        +0.00000000000000000e+00,        +0.00000000000000000e+00,        +8.09720047314132206e-04,        +0.00000000000000000e+00,        +0.00000000000000000e+00,        +0.00000000000000000e+00,        +0.00000000000000000e+00,        +0.00000000000000000e+00,        +0.00000000000000000e+00,        +0.00000000000000000e+00,        +0.00000000000000000e+00,        +0.00000000000000000e+00,        +0.00000000000000000e+00,        +0.00000000000000000e+00,        +0.00000000000000000e+00,        +0.00000000000000000e+00,        +0.00000000000000000e+00,        +0.00000000000000000e+00,        +0.00000000000000000e+00,        +0.00000000000000000e+00,        +0.00000000000000000e+00,        +0.00000000000000000e+00,        +0.00000000000000000e+00,        +0.00000000000000000e+00,        +0.00000000000000000e+00,        +0.00000000000000000e+00,        +0.00000000000000000e+00,        +0.00000000000000000e+00,        +0.00000000000000000e+00,        +0.00000000000000000e+00,        +0.00000000000000000e+00,        +0.00000000000000000e+00,        +0.00000000000000000e+00,        +0.00000000000000000e+00,        +0.00000000000000000e+00,        +0.00000000000000000e+00,        +0.00000000000000000e+00,        +0.00000000000000000e+00,        +0.00000000000000000e+00,        +0.00000000000000000e+00,        +0.00000000000000000e+00,        +0.00000000000000000e+00,        +0.00000000000000000e+00,        +0.00000000000000000e+00,        +0.00000000000000000e+00,        +0.00000000000000000e+00,        +0.00000000000000000e+00,        +0.00000000000000000e+00,        +0.00000000000000000e+00,        +0.00000000000000000e+00,        +0.00000000000000000e+00,        +0.00000000000000000e+00,        +0.00000000000000000e+00,        +0.00000000000000000e+00,        +0.00000000000000000e+00,        +0.00000000000000000e+00,        +0.00000000000000000e+00,        +0.00000000000000000e+00,        +0.00000000000000000e+00,        +0.00000000000000000e+00,        +0.00000000000000000e+00,        +0.00000000000000000e+00,        +0.00000000000000000e+00,        +0.00000000000000000e+00,        +0.00000000000000000e+00,        +0.00000000000000000e+00,        +0.00000000000000000e+00,        +0.00000000000000000e+00,        +0.00000000000000000e+00,        +0.00000000000000000e+00,        +0.00000000000000000e+00,        +0.00000000000000000e+00,        +0.00000000000000000e+00,        +0.00000000000000000e+00,        +0.00000000000000000e+00,        +0.00000000000000000e+00,        +0.00000000000000000e+00,        +0.00000000000000000e+00,        +0.00000000000000000e+00,        +0.00000000000000000e+00,        +0.00000000000000000e+00,        +0.00000000000000000e+00,        +0.00000000000000000e+00,        +0.00000000000000000e+00,        +0.00000000000000000e+00,        +0.00000000000000000e+00,        +0.00000000000000000e+00,        +0.00000000000000000e+00,        +0.00000000000000000e+00
        +0.00000000000000000e+00,        +0.00000000000000000e+00,        +0.00000000000000000e+00,        +0.00000000000000000e+00,        +0.00000000000000000e+00,        +0.00000000000000000e+00,        +0.00000000000000000e+00,        +0.00000000000000000e+00,        +0.00000000000000000e+00,        +0.00000000000000000e+00,        +0.00000000000000000e+00,        +0.00000000000000000e+00,        +0.00000000000000000e+00,        +0.00000000000000000e+00,        +0.00000000000000000e+00,        +0.00000000000000000e+00,        +0.00000000000000000e+00,        +0.00000000000000000e+00,        +0.00000000000000000e+00,        +0.00000000000000000e+00,        +0.00000000000000000e+00,        +0.00000000000000000e+00,        +1.00000000000000000e+00,        +0.00000000000000000e+00,        +0.00000000000000000e+00,        +0.00000000000000000e+00,        +0.00000000000000000e+00,        +0.00000000000000000e+00,        +0.00000000000000000e+00,        +0.00000000000000000e+00,        +0.00000000000000000e+00,        +0.00000000000000000e+00,        +0.00000000000000000e+00,        +0.00000000000000000e+00,        +0.00000000000000000e+00,        +0.00000000000000000e+00,        +0.00000000000000000e+00,        +0.00000000000000000e+00,        +0.00000000000000000e+00,        +0.00000000000000000e+00,        +0.00000000000000000e+00,        +0.00000000000000000e+00,        +0.00000000000000000e+00,        +0.00000000000000000e+00,        +0.00000000000000000e+00,        +0.00000000000000000e+00,        +0.00000000000000000e+00,        +0.00000000000000000e+00,        +0.00000000000000000e+00,        +0.00000000000000000e+00,        +0.00000000000000000e+00,        +0.00000000000000000e+00,        +0.00000000000000000e+00,        +0.00000000000000000e+00,        +0.00000000000000000e+00,        +0.00000000000000000e+00,        +0.00000000000000000e+00,        +0.00000000000000000e+00,        +0.00000000000000000e+00,        +0.00000000000000000e+00,        +0.00000000000000000e+00,        +0.00000000000000000e+00,        +0.00000000000000000e+00,        +0.00000000000000000e+00,        +0.00000000000000000e+00,        +0.00000000000000000e+00,        +0.00000000000000000e+00,        +0.00000000000000000e+00,        +0.00000000000000000e+00,        +0.00000000000000000e+00,        +0.00000000000000000e+00,        +0.00000000000000000e+00,        +0.00000000000000000e+00,        +0.00000000000000000e+00,        +0.00000000000000000e+00,        +0.00000000000000000e+00,        +0.00000000000000000e+00,        +0.00000000000000000e+00,        +0.00000000000000000e+00,        +0.00000000000000000e+00,        +0.00000000000000000e+00,        +0.00000000000000000e+00,        +0.00000000000000000e+00,        +0.00000000000000000e+00,        +0.00000000000000000e+00,        +0.00000000000000000e+00,        +0.00000000000000000e+00,        +0.00000000000000000e+00,        +0.00000000000000000e+00,        +0.00000000000000000e+00,        +0.00000000000000000e+00,        +0.00000000000000000e+00,        +0.00000000000000000e+00,        +0.00000000000000000e+00,        +0.00000000000000000e+00,        +0.00000000000000000e+00,        +0.00000000000000000e+00,        +0.00000000000000000e+00,        +0.00000000000000000e+00,        +0.00000000000000000e+00,        +0.00000000000000000e+00,        +0.00000000000000000e+00,        +0.00000000000000000e+00,        +0.00000000000000000e+00,        +0.00000000000000000e+00,        +0.00000000000000000e+00,        +0.00000000000000000e+00,        +0.00000000000000000e+00
        +0.00000000000000000e+00,        +0.00000000000000000e+00,        +0.00000000000000000e+00,        +0.00000000000000000e+00,        +0.00000000000000000e+00,        +0.00000000000000000e+00,        +0.00000000000000000e+00,        +0.00000000000000000e+00,        +0.00000000000000000e+00,        +0.00000000000000000e+00,        +0.00000000000000000e+00,        +0.00000000000000000e+00,        +0.00000000000000000e+00,        +0.00000000000000000e+00,        +0.00000000000000000e+00,        +0.00000000000000000e+00,        +0.00000000000000000e+00,        +0.00000000000000000e+00,        +0.00000000000000000e+00,        +0.00000000000000000e+00,        +0.00000000000000000e+00,        +0.00000000000000000e+00,        +0.00000000000000000e+00,        +1.00000000000000000e+00,        +0.00000000000000000e+00,        +0.00000000000000000e+00,        +0.00000000000000000e+00,        +0.00000000000000000e+00,        +0.00000000000000000e+00,        +0.00000000000000000e+00,        +0.00000000000000000e+00,        +0.00000000000000000e+00,        +0.00000000000000000e+00,        +0.00000000000000000e+00,        +0.00000000000000000e+00,        +0.00000000000000000e+00,        +0.00000000000000000e+00,        +0.00000000000000000e+00,        +0.00000000000000000e+00,        +0.00000000000000000e+00,        +0.00000000000000000e+00,        +0.00000000000000000e+00,        +0.00000000000000000e+00,        +0.00000000000000000e+00,        +0.00000000000000000e+00,        +0.00000000000000000e+00,        +0.00000000000000000e+00,        +0.00000000000000000e+00,        +0.00000000000000000e+00,        +0.00000000000000000e+00,        +0.00000000000000000e+00,        +0.00000000000000000e+00,        +0.00000000000000000e+00,        +0.00000000000000000e+00,        +0.00000000000000000e+00,        +0.00000000000000000e+00,        +0.00000000000000000e+00,        +0.00000000000000000e+00,        +0.00000000000000000e+00,        +0.00000000000000000e+00,        +0.00000000000000000e+00,        +0.00000000000000000e+00,        +0.00000000000000000e+00,        +0.00000000000000000e+00,        +0.00000000000000000e+00,        +0.00000000000000000e+00,        +0.00000000000000000e+00,        +0.00000000000000000e+00,        +0.00000000000000000e+00,        +0.00000000000000000e+00,        +0.00000000000000000e+00,        +0.00000000000000000e+00,        +0.00000000000000000e+00,        +0.00000000000000000e+00,        +0.00000000000000000e+00,        +0.00000000000000000e+00,        +0.00000000000000000e+00,        +0.00000000000000000e+00,        +0.00000000000000000e+00,        +0.00000000000000000e+00,        +0.00000000000000000e+00,        +0.00000000000000000e+00,        +0.00000000000000000e+00,        +0.00000000000000000e+00,        +0.00000000000000000e+00,        +0.00000000000000000e+00,        +0.00000000000000000e+00,        +0.00000000000000000e+00,        +0.00000000000000000e+00,        +0.00000000000000000e+00,        +0.00000000000000000e+00,        +0.00000000000000000e+00,        +0.00000000000000000e+00,        +0.00000000000000000e+00,        +0.00000000000000000e+00,        +0.00000000000000000e+00,        +0.00000000000000000e+00,        +0.00000000000000000e+00,        +0.00000000000000000e+00,        +0.00000000000000000e+00,        +0.00000000000000000e+00,        +0.00000000000000000e+00,        +0.00000000000000000e+00,        +0.00000000000000000e+00,        +0.00000000000000000e+00,        +0.00000000000000000e+00,        +0.00000000000000000e+00,        +0.00000000000000000e+00
        +0.00000000000000000e+00,        +0.00000000000000000e+00,        +0.00000000000000000e+00,        +0.00000000000000000e+00,        +0.00000000000000000e+00,        +0.00000000000000000e+00,        +0.00000000000000000e+00,        +0.00000000000000000e+00,        +0.00000000000000000e+00,        +0.00000000000000000e+00,        +0.00000000000000000e+00,        +0.00000000000000000e+00,        +0.00000000000000000e+00,        +0.00000000000000000e+00,        +0.00000000000000000e+00,        +0.00000000000000000e+00,        +0.00000000000000000e+00,        +0.00000000000000000e+00,        +0.00000000000000000e+00,        +0.00000000000000000e+00,        +0.00000000000000000e+00,        +0.00000000000000000e+00,        +0.00000000000000000e+00,        +0.00000000000000000e+00,        +1.00000000000000000e+00,        +0.00000000000000000e+00,        +0.00000000000000000e+00,        +0.00000000000000000e+00,        +0.00000000000000000e+00,        +0.00000000000000000e+00,        +0.00000000000000000e+00,        +0.00000000000000000e+00,        +0.00000000000000000e+00,        +0.00000000000000000e+00,        +0.00000000000000000e+00,        +0.00000000000000000e+00,        +0.00000000000000000e+00,        +0.00000000000000000e+00,        +0.00000000000000000e+00,        +0.00000000000000000e+00,        +0.00000000000000000e+00,        +0.00000000000000000e+00,        +0.00000000000000000e+00,        +0.00000000000000000e+00,        +0.00000000000000000e+00,        +0.00000000000000000e+00,        +0.00000000000000000e+00,        +0.00000000000000000e+00,        +0.00000000000000000e+00,        +0.00000000000000000e+00,        +0.00000000000000000e+00,        +0.00000000000000000e+00,        +0.00000000000000000e+00,        +0.00000000000000000e+00,        +0.00000000000000000e+00,        +0.00000000000000000e+00,        +0.00000000000000000e+00,        +0.00000000000000000e+00,        +0.00000000000000000e+00,        +0.00000000000000000e+00,        +0.00000000000000000e+00,        +0.00000000000000000e+00,        +0.00000000000000000e+00,        +0.00000000000000000e+00,        +0.00000000000000000e+00,        +0.00000000000000000e+00,        +0.00000000000000000e+00,        +0.00000000000000000e+00,        +0.00000000000000000e+00,        +0.00000000000000000e+00,        +0.00000000000000000e+00,        +0.00000000000000000e+00,        +0.00000000000000000e+00,        +0.00000000000000000e+00,        +0.00000000000000000e+00,        +0.00000000000000000e+00,        +0.00000000000000000e+00,        +0.00000000000000000e+00,        +0.00000000000000000e+00,        +0.00000000000000000e+00,        +0.00000000000000000e+00,        +0.00000000000000000e+00,        +0.00000000000000000e+00,        +0.00000000000000000e+00,        +0.00000000000000000e+00,        +0.00000000000000000e+00,        +0.00000000000000000e+00,        +0.00000000000000000e+00,        +0.00000000000000000e+00,        +0.00000000000000000e+00,        +0.00000000000000000e+00,        +0.00000000000000000e+00,        +0.00000000000000000e+00,        +0.00000000000000000e+00,        +0.00000000000000000e+00,        +0.00000000000000000e+00,        +0.00000000000000000e+00,        +0.00000000000000000e+00,        +0.00000000000000000e+00,        +0.00000000000000000e+00,        +0.00000000000000000e+00,        +0.00000000000000000e+00,        +0.00000000000000000e+00,        +0.00000000000000000e+00,        +0.00000000000000000e+00,        +0.00000000000000000e+00,        +0.00000000000000000e+00,        +0.00000000000000000e+00
        +0.00000000000000000e+00,        +0.00000000000000000e+00,        +0.00000000000000000e+00,        +0.00000000000000000e+00,        +0.00000000000000000e+00,        +0.00000000000000000e+00,        +0.00000000000000000e+00,        +0.00000000000000000e+00,        +0.00000000000000000e+00,        +0.00000000000000000e+00,        +0.00000000000000000e+00,        +0.00000000000000000e+00,        +0.00000000000000000e+00,        +0.00000000000000000e+00,        +0.00000000000000000e+00,        +0.00000000000000000e+00,        +0.00000000000000000e+00,        +0.00000000000000000e+00,        +0.00000000000000000e+00,        +0.00000000000000000e+00,        +0.00000000000000000e+00,        +0.00000000000000000e+00,        +0.00000000000000000e+00,        +0.00000000000000000e+00,        +0.00000000000000000e+00,        +1.00000000000000000e+00,        +0.00000000000000000e+00,        +0.00000000000000000e+00,        +0.00000000000000000e+00,        +0.00000000000000000e+00,        +0.00000000000000000e+00,        +0.00000000000000000e+00,        +0.00000000000000000e+00,        +0.00000000000000000e+00,        +0.00000000000000000e+00,        +0.00000000000000000e+00,        +0.00000000000000000e+00,        +0.00000000000000000e+00,        +0.00000000000000000e+00,        +0.00000000000000000e+00,        +0.00000000000000000e+00,        +0.00000000000000000e+00,        +0.00000000000000000e+00,        +0.00000000000000000e+00,        +0.00000000000000000e+00,        +0.00000000000000000e+00,        +0.00000000000000000e+00,        +0.00000000000000000e+00,        +0.00000000000000000e+00,        +0.00000000000000000e+00,        +0.00000000000000000e+00,        +0.00000000000000000e+00,        +0.00000000000000000e+00,        +0.00000000000000000e+00,        +0.00000000000000000e+00,        +0.00000000000000000e+00,        +0.00000000000000000e+00,        +0.00000000000000000e+00,        +0.00000000000000000e+00,        +0.00000000000000000e+00,        +0.00000000000000000e+00,        +0.00000000000000000e+00,        +0.00000000000000000e+00,        +0.00000000000000000e+00,        +0.00000000000000000e+00,        +0.00000000000000000e+00,        +0.00000000000000000e+00,        +0.00000000000000000e+00,        +0.00000000000000000e+00,        +0.00000000000000000e+00,        +0.00000000000000000e+00,        +0.00000000000000000e+00,        +0.00000000000000000e+00,        +0.00000000000000000e+00,        +0.00000000000000000e+00,        +0.00000000000000000e+00,        +0.00000000000000000e+00,        +0.00000000000000000e+00,        +0.00000000000000000e+00,        +0.00000000000000000e+00,        +0.00000000000000000e+00,        +0.00000000000000000e+00,        +0.00000000000000000e+00,        +0.00000000000000000e+00,        +0.00000000000000000e+00,        +0.00000000000000000e+00,        +0.00000000000000000e+00,        +0.00000000000000000e+00,        +0.00000000000000000e+00,        +0.00000000000000000e+00,        +0.00000000000000000e+00,        +0.00000000000000000e+00,        +0.00000000000000000e+00,        +0.00000000000000000e+00,        +0.00000000000000000e+00,        +0.00000000000000000e+00,        +0.00000000000000000e+00,        +0.00000000000000000e+00,        +0.00000000000000000e+00,        +0.00000000000000000e+00,        +0.00000000000000000e+00,        +0.00000000000000000e+00,        +0.00000000000000000e+00,        +0.00000000000000000e+00,        +0.00000000000000000e+00,        +0.00000000000000000e+00,        +0.00000000000000000e+00,        +0.00000000000000000e+00
        +0.00000000000000000e+00,        +0.00000000000000000e+00,        +0.00000000000000000e+00,        +0.00000000000000000e+00,        +0.00000000000000000e+00,        +0.00000000000000000e+00,        +0.00000000000000000e+00,        +0.00000000000000000e+00,        +0.00000000000000000e+00,        +0.00000000000000000e+00,        +0.00000000000000000e+00,        +0.00000000000000000e+00,        +0.00000000000000000e+00,        +0.00000000000000000e+00,        +0.00000000000000000e+00,        +0.00000000000000000e+00,        +0.00000000000000000e+00,        +0.00000000000000000e+00,        +0.00000000000000000e+00,        +0.00000000000000000e+00,        +0.00000000000000000e+00,        +0.00000000000000000e+00,        +0.00000000000000000e+00,        +0.00000000000000000e+00,        +0.00000000000000000e+00,        +0.00000000000000000e+00,        +1.00000000000000000e+00,        +0.00000000000000000e+00,        +0.00000000000000000e+00,        +0.00000000000000000e+00,        +0.00000000000000000e+00,        +0.00000000000000000e+00,        +0.00000000000000000e+00,        +0.00000000000000000e+00,        +0.00000000000000000e+00,        +0.00000000000000000e+00,        +0.00000000000000000e+00,        +0.00000000000000000e+00,        +0.00000000000000000e+00,        +0.00000000000000000e+00,        +0.00000000000000000e+00,        +0.00000000000000000e+00,        +0.00000000000000000e+00,        +0.00000000000000000e+00,        +0.00000000000000000e+00,        +0.00000000000000000e+00,        +0.00000000000000000e+00,        +0.00000000000000000e+00,        +0.00000000000000000e+00,        +0.00000000000000000e+00,        +0.00000000000000000e+00,        +0.00000000000000000e+00,        +0.00000000000000000e+00,        +0.00000000000000000e+00,        +0.00000000000000000e+00,        +0.00000000000000000e+00,        +0.00000000000000000e+00,        +0.00000000000000000e+00,        +0.00000000000000000e+00,        +0.00000000000000000e+00,        +0.00000000000000000e+00,        +0.00000000000000000e+00,        +0.00000000000000000e+00,        +0.00000000000000000e+00,        +0.00000000000000000e+00,        +0.00000000000000000e+00,        +0.00000000000000000e+00,        +0.00000000000000000e+00,        +0.00000000000000000e+00,        +0.00000000000000000e+00,        +0.00000000000000000e+00,        +0.00000000000000000e+00,        +0.00000000000000000e+00,        +0.00000000000000000e+00,        +0.00000000000000000e+00,        +0.00000000000000000e+00,        +0.00000000000000000e+00,        +0.00000000000000000e+00,        +0.00000000000000000e+00,        +0.00000000000000000e+00,        +0.00000000000000000e+00,        +0.00000000000000000e+00,        +0.00000000000000000e+00,        +0.00000000000000000e+00,        +0.00000000000000000e+00,        +0.00000000000000000e+00,        +0.00000000000000000e+00,        +0.00000000000000000e+00,        +0.00000000000000000e+00,        +0.00000000000000000e+00,        +0.00000000000000000e+00,        +0.00000000000000000e+00,        +0.00000000000000000e+00,        +0.00000000000000000e+00,        +0.00000000000000000e+00,        +0.00000000000000000e+00,        +0.00000000000000000e+00,        +0.00000000000000000e+00,        +0.00000000000000000e+00,        +0.00000000000000000e+00,        +0.00000000000000000e+00,        +0.00000000000000000e+00,        +0.00000000000000000e+00,        +0.00000000000000000e+00,        +0.00000000000000000e+00,        +0.00000000000000000e+00,        +0.00000000000000000e+00,        +0.00000000000000000e+00
        +0.00000000000000000e+00,        +0.00000000000000000e+00,        +0.00000000000000000e+00,        +0.00000000000000000e+00,        +0.00000000000000000e+00,        +0.00000000000000000e+00,        +0.00000000000000000e+00,        +0.00000000000000000e+00,        +0.00000000000000000e+00,        +0.00000000000000000e+00,        +0.00000000000000000e+00,        +0.00000000000000000e+00,        +0.00000000000000000e+00,        +0.00000000000000000e+00,        +0.00000000000000000e+00,        +0.00000000000000000e+00,        +0.00000000000000000e+00,        +0.00000000000000000e+00,        +0.00000000000000000e+00,        +0.00000000000000000e+00,        +0.00000000000000000e+00,        +0.00000000000000000e+00,        +0.00000000000000000e+00,        +0.00000000000000000e+00,        +0.00000000000000000e+00,        +0.00000000000000000e+00,        +0.00000000000000000e+00,        +1.00000000000000000e+00,        +0.00000000000000000e+00,        +0.00000000000000000e+00,        +0.00000000000000000e+00,        +0.00000000000000000e+00,        +0.00000000000000000e+00,        +0.00000000000000000e+00,        +0.00000000000000000e+00,        +0.00000000000000000e+00,        +0.00000000000000000e+00,        +0.00000000000000000e+00,        +0.00000000000000000e+00,        +0.00000000000000000e+00,        +0.00000000000000000e+00,        +0.00000000000000000e+00,        +0.00000000000000000e+00,        +0.00000000000000000e+00,        +0.00000000000000000e+00,        +0.00000000000000000e+00,        +0.00000000000000000e+00,        +0.00000000000000000e+00,        +0.00000000000000000e+00,        +0.00000000000000000e+00,        +0.00000000000000000e+00,        +0.00000000000000000e+00,        +0.00000000000000000e+00,        +0.00000000000000000e+00,        +0.00000000000000000e+00,        +0.00000000000000000e+00,        +0.00000000000000000e+00,        +0.00000000000000000e+00,        +0.00000000000000000e+00,        +0.00000000000000000e+00,        +0.00000000000000000e+00,        +0.00000000000000000e+00,        +0.00000000000000000e+00,        +0.00000000000000000e+00,        +0.00000000000000000e+00,        +0.00000000000000000e+00,        +0.00000000000000000e+00,        +0.00000000000000000e+00,        +0.00000000000000000e+00,        +0.00000000000000000e+00,        +0.00000000000000000e+00,        +0.00000000000000000e+00,        +0.00000000000000000e+00,        +0.00000000000000000e+00,        +0.00000000000000000e+00,        +0.00000000000000000e+00,        +0.00000000000000000e+00,        +0.00000000000000000e+00,        +0.00000000000000000e+00,        +0.00000000000000000e+00,        +0.00000000000000000e+00,        +0.00000000000000000e+00,        +0.00000000000000000e+00,        +0.00000000000000000e+00,        +0.00000000000000000e+00,        +0.00000000000000000e+00,        +0.00000000000000000e+00,        +0.00000000000000000e+00,        +0.00000000000000000e+00,        +0.00000000000000000e+00,        +0.00000000000000000e+00,        +0.00000000000000000e+00,        +0.00000000000000000e+00,        +0.00000000000000000e+00,        +0.00000000000000000e+00,        +0.00000000000000000e+00,        +0.00000000000000000e+00,        +0.00000000000000000e+00,        +0.00000000000000000e+00,        +0.00000000000000000e+00,        +0.00000000000000000e+00,        +0.00000000000000000e+00,        +0.00000000000000000e+00,        +0.00000000000000000e+00,        +0.00000000000000000e+00,        +0.00000000000000000e+00,        +0.00000000000000000e+00,        +0.00000000000000000e+00
        +0.00000000000000000e+00,        +0.00000000000000000e+00,        +0.00000000000000000e+00,        +0.00000000000000000e+00,        +0.00000000000000000e+00,        +0.00000000000000000e+00,        +0.00000000000000000e+00,        +0.00000000000000000e+00,        +0.00000000000000000e+00,        +0.00000000000000000e+00,        +0.00000000000000000e+00,        +0.00000000000000000e+00,        +0.00000000000000000e+00,        +0.00000000000000000e+00,        +0.00000000000000000e+00,        +0.00000000000000000e+00,        +0.00000000000000000e+00,        +0.00000000000000000e+00,        +0.00000000000000000e+00,        +0.00000000000000000e+00,        +0.00000000000000000e+00,        +0.00000000000000000e+00,        +0.00000000000000000e+00,        +0.00000000000000000e+00,        +0.00000000000000000e+00,        +0.00000000000000000e+00,        +0.00000000000000000e+00,        +0.00000000000000000e+00,        +1.00000000000000000e+00,        +0.00000000000000000e+00,        +0.00000000000000000e+00,        +0.00000000000000000e+00,        +0.00000000000000000e+00,        +0.00000000000000000e+00,        +0.00000000000000000e+00,        +0.00000000000000000e+00,        +0.00000000000000000e+00,        +0.00000000000000000e+00,        +0.00000000000000000e+00,        +0.00000000000000000e+00,        +0.00000000000000000e+00,        +0.00000000000000000e+00,        +0.00000000000000000e+00,        +0.00000000000000000e+00,        +0.00000000000000000e+00,        +0.00000000000000000e+00,        +0.00000000000000000e+00,        +0.00000000000000000e+00,        +0.00000000000000000e+00,        +0.00000000000000000e+00,        +0.00000000000000000e+00,        +0.00000000000000000e+00,        +0.00000000000000000e+00,        +0.00000000000000000e+00,        +0.00000000000000000e+00,        +0.00000000000000000e+00,        +0.00000000000000000e+00,        +0.00000000000000000e+00,        +0.00000000000000000e+00,        +0.00000000000000000e+00,        +0.00000000000000000e+00,        +0.00000000000000000e+00,        +0.00000000000000000e+00,        +0.00000000000000000e+00,        +0.00000000000000000e+00,        +0.00000000000000000e+00,        +0.00000000000000000e+00,        +0.00000000000000000e+00,        +0.00000000000000000e+00,        +0.00000000000000000e+00,        +0.00000000000000000e+00,        +0.00000000000000000e+00,        +0.00000000000000000e+00,        +0.00000000000000000e+00,        +0.00000000000000000e+00,        +0.00000000000000000e+00,        +0.00000000000000000e+00,        +0.00000000000000000e+00,        +0.00000000000000000e+00,        +0.00000000000000000e+00,        +0.00000000000000000e+00,        +0.00000000000000000e+00,        +0.00000000000000000e+00,        +0.00000000000000000e+00,        +0.00000000000000000e+00,        +0.00000000000000000e+00,        +0.00000000000000000e+00,        +0.00000000000000000e+00,        +0.00000000000000000e+00,        +0.00000000000000000e+00,        +0.00000000000000000e+00,        +0.00000000000000000e+00,        +0.00000000000000000e+00,        +0.00000000000000000e+00,        +0.00000000000000000e+00,        +0.00000000000000000e+00,        +0.00000000000000000e+00,        +0.00000000000000000e+00,        +0.00000000000000000e+00,        +0.00000000000000000e+00,        +0.00000000000000000e+00,        +0.00000000000000000e+00,        +0.00000000000000000e+00,        +0.00000000000000000e+00,        +0.00000000000000000e+00,        +0.00000000000000000e+00,        +0.00000000000000000e+00,        +0.00000000000000000e+00
        +0.00000000000000000e+00,        +0.00000000000000000e+00,        +0.00000000000000000e+00,        +0.00000000000000000e+00,        +0.00000000000000000e+00,        +0.00000000000000000e+00,        +0.00000000000000000e+00,        +0.00000000000000000e+00,        +0.00000000000000000e+00,        +0.00000000000000000e+00,        +0.00000000000000000e+00,        +0.00000000000000000e+00,        +0.00000000000000000e+00,        +0.00000000000000000e+00,        +0.00000000000000000e+00,        +0.00000000000000000e+00,        +0.00000000000000000e+00,        +0.00000000000000000e+00,        +0.00000000000000000e+00,        +0.00000000000000000e+00,        +0.00000000000000000e+00,        +0.00000000000000000e+00,        +0.00000000000000000e+00,        +0.00000000000000000e+00,        +0.00000000000000000e+00,        +0.00000000000000000e+00,        +0.00000000000000000e+00,        +0.00000000000000000e+00,        +0.00000000000000000e+00,        +1.00000000000000000e+00,        +0.00000000000000000e+00,        +0.00000000000000000e+00,        +0.00000000000000000e+00,        +0.00000000000000000e+00,        +0.00000000000000000e+00,        +0.00000000000000000e+00,        +0.00000000000000000e+00,        +0.00000000000000000e+00,        +0.00000000000000000e+00,        +0.00000000000000000e+00,        +0.00000000000000000e+00,        +0.00000000000000000e+00,        +0.00000000000000000e+00,        +0.00000000000000000e+00,        +0.00000000000000000e+00,        +0.00000000000000000e+00,        +0.00000000000000000e+00,        +0.00000000000000000e+00,        +0.00000000000000000e+00,        +0.00000000000000000e+00,        +0.00000000000000000e+00,        +0.00000000000000000e+00,        +0.00000000000000000e+00,        +0.00000000000000000e+00,        +0.00000000000000000e+00,        +0.00000000000000000e+00,        +0.00000000000000000e+00,        +0.00000000000000000e+00,        +0.00000000000000000e+00,        +0.00000000000000000e+00,        +0.00000000000000000e+00,        +0.00000000000000000e+00,        +0.00000000000000000e+00,        +0.00000000000000000e+00,        +0.00000000000000000e+00,        +0.00000000000000000e+00,        +0.00000000000000000e+00,        +0.00000000000000000e+00,        +0.00000000000000000e+00,        +0.00000000000000000e+00,        +0.00000000000000000e+00,        +0.00000000000000000e+00,        +0.00000000000000000e+00,        +0.00000000000000000e+00,        +0.00000000000000000e+00,        +0.00000000000000000e+00,        +0.00000000000000000e+00,        +0.00000000000000000e+00,        +0.00000000000000000e+00,        +0.00000000000000000e+00,        +0.00000000000000000e+00,        +0.00000000000000000e+00,        +0.00000000000000000e+00,        +0.00000000000000000e+00,        +0.00000000000000000e+00,        +0.00000000000000000e+00,        +0.00000000000000000e+00,        +0.00000000000000000e+00,        +0.00000000000000000e+00,        +0.00000000000000000e+00,        +0.00000000000000000e+00,        +0.00000000000000000e+00,        +0.00000000000000000e+00,        +0.00000000000000000e+00,        +0.00000000000000000e+00,        +0.00000000000000000e+00,        +0.00000000000000000e+00,        +0.00000000000000000e+00,        +0.00000000000000000e+00,        +0.00000000000000000e+00,        +0.00000000000000000e+00,        +0.00000000000000000e+00,        +0.00000000000000000e+00,        +0.00000000000000000e+00,        +0.00000000000000000e+00,        +0.00000000000000000e+00,        +0.00000000000000000e+00,        +0.00000000000000000e+00
        +0.00000000000000000e+00,        +0.00000000000000000e+00,        +0.00000000000000000e+00,        +0.00000000000000000e+00,        +0.00000000000000000e+00,        +0.00000000000000000e+00,        +0.00000000000000000e+00,        +0.00000000000000000e+00,        +0.00000000000000000e+00,        +0.00000000000000000e+00,        +0.00000000000000000e+00,        +0.00000000000000000e+00,        +0.00000000000000000e+00,        +0.00000000000000000e+00,        +0.00000000000000000e+00,        +0.00000000000000000e+00,        +0.00000000000000000e+00,        +0.00000000000000000e+00,        +0.00000000000000000e+00,        +0.00000000000000000e+00,        +0.00000000000000000e+00,        +0.00000000000000000e+00,        +0.00000000000000000e+00,        +0.00000000000000000e+00,        +0.00000000000000000e+00,        +0.00000000000000000e+00,        +0.00000000000000000e+00,        +0.00000000000000000e+00,        +0.00000000000000000e+00,        +0.00000000000000000e+00,        +1.00000000000000000e+00,        +0.00000000000000000e+00,        +0.00000000000000000e+00,        +0.00000000000000000e+00,        +0.00000000000000000e+00,        +0.00000000000000000e+00,        +0.00000000000000000e+00,        +0.00000000000000000e+00,        +0.00000000000000000e+00,        +0.00000000000000000e+00,        +0.00000000000000000e+00,        +0.00000000000000000e+00,        +0.00000000000000000e+00,        +0.00000000000000000e+00,        +0.00000000000000000e+00,        +0.00000000000000000e+00,        +0.00000000000000000e+00,        +0.00000000000000000e+00,        +0.00000000000000000e+00,        +0.00000000000000000e+00,        +0.00000000000000000e+00,        +0.00000000000000000e+00,        +0.00000000000000000e+00,        +0.00000000000000000e+00,        +0.00000000000000000e+00,        +0.00000000000000000e+00,        +0.00000000000000000e+00,        +0.00000000000000000e+00,        +0.00000000000000000e+00,        +0.00000000000000000e+00,        +0.00000000000000000e+00,        +0.00000000000000000e+00,        +0.00000000000000000e+00,        +0.00000000000000000e+00,        +0.00000000000000000e+00,        +0.00000000000000000e+00,        +0.00000000000000000e+00,        +0.00000000000000000e+00,        +0.00000000000000000e+00,        +0.00000000000000000e+00,        +0.00000000000000000e+00,        +0.00000000000000000e+00,        +0.00000000000000000e+00,        +0.00000000000000000e+00,        +0.00000000000000000e+00,        +0.00000000000000000e+00,        +0.00000000000000000e+00,        +0.00000000000000000e+00,        +0.00000000000000000e+00,        +0.00000000000000000e+00,        +0.00000000000000000e+00,        +0.00000000000000000e+00,        +0.00000000000000000e+00,        +0.00000000000000000e+00,        +0.00000000000000000e+00,        +0.00000000000000000e+00,        +0.00000000000000000e+00,        +0.00000000000000000e+00,        +0.00000000000000000e+00,        +0.00000000000000000e+00,        +0.00000000000000000e+00,        +0.00000000000000000e+00,        +0.00000000000000000e+00,        +0.00000000000000000e+00,        +0.00000000000000000e+00,        +0.00000000000000000e+00,        +0.00000000000000000e+00,        +0.00000000000000000e+00,        +0.00000000000000000e+00,        +0.00000000000000000e+00,        +0.00000000000000000e+00,        +0.00000000000000000e+00,        +0.00000000000000000e+00,        +0.00000000000000000e+00,        +0.00000000000000000e+00,        +0.00000000000000000e+00,        +0.00000000000000000e+00,        +0.00000000000000000e+00
        +0.00000000000000000e+00,        +0.00000000000000000e+00,        +0.00000000000000000e+00,        +0.00000000000000000e+00,        +0.00000000000000000e+00,        +0.00000000000000000e+00,        +0.00000000000000000e+00,        +0.00000000000000000e+00,        +0.00000000000000000e+00,        +0.00000000000000000e+00,        +0.00000000000000000e+00,        +0.00000000000000000e+00,        +0.00000000000000000e+00,        +0.00000000000000000e+00,        +0.00000000000000000e+00,        +0.00000000000000000e+00,        +0.00000000000000000e+00,        +0.00000000000000000e+00,        +0.00000000000000000e+00,        +0.00000000000000000e+00,        +0.00000000000000000e+00,        +0.00000000000000000e+00,        +0.00000000000000000e+00,        +0.00000000000000000e+00,        +0.00000000000000000e+00,        +0.00000000000000000e+00,        +0.00000000000000000e+00,        +0.00000000000000000e+00,        +0.00000000000000000e+00,        +0.00000000000000000e+00,        +0.00000000000000000e+00,        +1.00000000000000000e+00,        +0.00000000000000000e+00,        +0.00000000000000000e+00,        +0.00000000000000000e+00,        +0.00000000000000000e+00,        +0.00000000000000000e+00,        +0.00000000000000000e+00,        +0.00000000000000000e+00,        +0.00000000000000000e+00,        +0.00000000000000000e+00,        +0.00000000000000000e+00,        +0.00000000000000000e+00,        +0.00000000000000000e+00,        +0.00000000000000000e+00,        +0.00000000000000000e+00,        +0.00000000000000000e+00,        +0.00000000000000000e+00,        +0.00000000000000000e+00,        +0.00000000000000000e+00,        +0.00000000000000000e+00,        +0.00000000000000000e+00,        +0.00000000000000000e+00,        +0.00000000000000000e+00,        +0.00000000000000000e+00,        +0.00000000000000000e+00,        +0.00000000000000000e+00,        +0.00000000000000000e+00,        +0.00000000000000000e+00,        +0.00000000000000000e+00,        +0.00000000000000000e+00,        +0.00000000000000000e+00,        +0.00000000000000000e+00,        +0.00000000000000000e+00,        +0.00000000000000000e+00,        +0.00000000000000000e+00,        +0.00000000000000000e+00,        +0.00000000000000000e+00,        +0.00000000000000000e+00,        +0.00000000000000000e+00,        +0.00000000000000000e+00,        +0.00000000000000000e+00,        +0.00000000000000000e+00,        +0.00000000000000000e+00,        +0.00000000000000000e+00,        +0.00000000000000000e+00,        +0.00000000000000000e+00,        +0.00000000000000000e+00,        +0.00000000000000000e+00,        +0.00000000000000000e+00,        +0.00000000000000000e+00,        +0.00000000000000000e+00,        +0.00000000000000000e+00,        +0.00000000000000000e+00,        +0.00000000000000000e+00,        +0.00000000000000000e+00,        +0.00000000000000000e+00,        +0.00000000000000000e+00,        +0.00000000000000000e+00,        +0.00000000000000000e+00,        +0.00000000000000000e+00,        +0.00000000000000000e+00,        +0.00000000000000000e+00,        +0.00000000000000000e+00,        +0.00000000000000000e+00,        +0.00000000000000000e+00,        +0.00000000000000000e+00,        +0.00000000000000000e+00,        +0.00000000000000000e+00,        +0.00000000000000000e+00,        +0.00000000000000000e+00,        +0.00000000000000000e+00,        +0.00000000000000000e+00,        +0.00000000000000000e+00,        +0.00000000000000000e+00,        +0.00000000000000000e+00,        +0.00000000000000000e+00,        +0.00000000000000000e+00
        +0.00000000000000000e+00,        +0.00000000000000000e+00,        +0.00000000000000000e+00,        +0.00000000000000000e+00,        +0.00000000000000000e+00,        +0.00000000000000000e+00,        +0.00000000000000000e+00,        +0.00000000000000000e+00,        +0.00000000000000000e+00,        +0.00000000000000000e+00,        +0.00000000000000000e+00,        +0.00000000000000000e+00,        +0.00000000000000000e+00,        +0.00000000000000000e+00,        +0.00000000000000000e+00,        +0.00000000000000000e+00,        +0.00000000000000000e+00,        +0.00000000000000000e+00,        +0.00000000000000000e+00,        +0.00000000000000000e+00,        +0.00000000000000000e+00,        +0.00000000000000000e+00,        +0.00000000000000000e+00,        +0.00000000000000000e+00,        +0.00000000000000000e+00,        +0.00000000000000000e+00,        +0.00000000000000000e+00,        +0.00000000000000000e+00,        +0.00000000000000000e+00,        +0.00000000000000000e+00,        +0.00000000000000000e+00,        +0.00000000000000000e+00,        +1.00000000000000000e+00,        +0.00000000000000000e+00,        +0.00000000000000000e+00,        +0.00000000000000000e+00,        +0.00000000000000000e+00,        +0.00000000000000000e+00,        +0.00000000000000000e+00,        +0.00000000000000000e+00,        +0.00000000000000000e+00,        +0.00000000000000000e+00,        +0.00000000000000000e+00,        +0.00000000000000000e+00,        +0.00000000000000000e+00,        +0.00000000000000000e+00,        +0.00000000000000000e+00,        +0.00000000000000000e+00,        +0.00000000000000000e+00,        +0.00000000000000000e+00,        +0.00000000000000000e+00,        +0.00000000000000000e+00,        +0.00000000000000000e+00,        +0.00000000000000000e+00,        +0.00000000000000000e+00,        +0.00000000000000000e+00,        +0.00000000000000000e+00,        +0.00000000000000000e+00,        +0.00000000000000000e+00,        +0.00000000000000000e+00,        +0.00000000000000000e+00,        +0.00000000000000000e+00,        +0.00000000000000000e+00,        +0.00000000000000000e+00,        +0.00000000000000000e+00,        +0.00000000000000000e+00,        +0.00000000000000000e+00,        +0.00000000000000000e+00,        +0.00000000000000000e+00,        +0.00000000000000000e+00,        +0.00000000000000000e+00,        +0.00000000000000000e+00,        +0.00000000000000000e+00,        +0.00000000000000000e+00,        +0.00000000000000000e+00,        +0.00000000000000000e+00,        +0.00000000000000000e+00,        +0.00000000000000000e+00,        +0.00000000000000000e+00,        +0.00000000000000000e+00,        +0.00000000000000000e+00,        +0.00000000000000000e+00,        +0.00000000000000000e+00,        +0.00000000000000000e+00,        +0.00000000000000000e+00,        +0.00000000000000000e+00,        +0.00000000000000000e+00,        +0.00000000000000000e+00,        +0.00000000000000000e+00,        +0.00000000000000000e+00,        +0.00000000000000000e+00,        +0.00000000000000000e+00,        +0.00000000000000000e+00,        +0.00000000000000000e+00,        +0.00000000000000000e+00,        +0.00000000000000000e+00,        +0.00000000000000000e+00,        +0.00000000000000000e+00,        +0.00000000000000000e+00,        +0.00000000000000000e+00,        +0.00000000000000000e+00,        +0.00000000000000000e+00,        +0.00000000000000000e+00,        +0.00000000000000000e+00,        +0.00000000000000000e+00,        +0.00000000000000000e+00,        +0.00000000000000000e+00,        +0.00000000000000000e+00
        +0.00000000000000000e+00,        +0.00000000000000000e+00,        +0.00000000000000000e+00,        +0.00000000000000000e+00,        +0.00000000000000000e+00,        +0.00000000000000000e+00,        +0.00000000000000000e+00,        +0.00000000000000000e+00,        +0.00000000000000000e+00,        +0.00000000000000000e+00,        +0.00000000000000000e+00,        +0.00000000000000000e+00,        +0.00000000000000000e+00,        +0.00000000000000000e+00,        +0.00000000000000000e+00,        +0.00000000000000000e+00,        +0.00000000000000000e+00,        +0.00000000000000000e+00,        +0.00000000000000000e+00,        +0.00000000000000000e+00,        +0.00000000000000000e+00,        +0.00000000000000000e+00,        +0.00000000000000000e+00,        +0.00000000000000000e+00,        +0.00000000000000000e+00,        +0.00000000000000000e+00,        +0.00000000000000000e+00,        +0.00000000000000000e+00,        +0.00000000000000000e+00,        +0.00000000000000000e+00,        +0.00000000000000000e+00,        +0.00000000000000000e+00,        +0.00000000000000000e+00,        +1.00000000000000000e+00,        +0.00000000000000000e+00,        +0.00000000000000000e+00,        +0.00000000000000000e+00,        +0.00000000000000000e+00,        +0.00000000000000000e+00,        +0.00000000000000000e+00,        +0.00000000000000000e+00,        +0.00000000000000000e+00,        +0.00000000000000000e+00,        +0.00000000000000000e+00,        +0.00000000000000000e+00,        +0.00000000000000000e+00,        +0.00000000000000000e+00,        +0.00000000000000000e+00,        +0.00000000000000000e+00,        +0.00000000000000000e+00,        +0.00000000000000000e+00,        +0.00000000000000000e+00,        +0.00000000000000000e+00,        +0.00000000000000000e+00,        +0.00000000000000000e+00,        +0.00000000000000000e+00,        +0.00000000000000000e+00,        +0.00000000000000000e+00,        +0.00000000000000000e+00,        +0.00000000000000000e+00,        +0.00000000000000000e+00,        +0.00000000000000000e+00,        +0.00000000000000000e+00,        +0.00000000000000000e+00,        +0.00000000000000000e+00,        +0.00000000000000000e+00,        +0.00000000000000000e+00,        +0.00000000000000000e+00,        +0.00000000000000000e+00,        +0.00000000000000000e+00,        +0.00000000000000000e+00,        +0.00000000000000000e+00,        +0.00000000000000000e+00,        +0.00000000000000000e+00,        +0.00000000000000000e+00,        +0.00000000000000000e+00,        +0.00000000000000000e+00,        +0.00000000000000000e+00,        +0.00000000000000000e+00,        +0.00000000000000000e+00,        +0.00000000000000000e+00,        +0.00000000000000000e+00,        +0.00000000000000000e+00,        +0.00000000000000000e+00,        +0.00000000000000000e+00,        +0.00000000000000000e+00,        +0.00000000000000000e+00,        +0.00000000000000000e+00,        +0.00000000000000000e+00,        +0.00000000000000000e+00,        +0.00000000000000000e+00,        +0.00000000000000000e+00,        +0.00000000000000000e+00,        +0.00000000000000000e+00,        +0.00000000000000000e+00,        +0.00000000000000000e+00,        +0.00000000000000000e+00,        +0.00000000000000000e+00,        +0.00000000000000000e+00,        +0.00000000000000000e+00,        +0.00000000000000000e+00,        +0.00000000000000000e+00,        +0.00000000000000000e+00,        +0.00000000000000000e+00,        +0.00000000000000000e+00,        +0.00000000000000000e+00,        +0.00000000000000000e+00,        +0.00000000000000000e+00
        +0.00000000000000000e+00,        +0.00000000000000000e+00,        +0.00000000000000000e+00,        +0.00000000000000000e+00,        +0.00000000000000000e+00,        +0.00000000000000000e+00,        +0.00000000000000000e+00,        +0.00000000000000000e+00,        +0.00000000000000000e+00,        +0.00000000000000000e+00,        +0.00000000000000000e+00,        +0.00000000000000000e+00,        +0.00000000000000000e+00,        +0.00000000000000000e+00,        +0.00000000000000000e+00,        +0.00000000000000000e+00,        +0.00000000000000000e+00,        +0.00000000000000000e+00,        +0.00000000000000000e+00,        +0.00000000000000000e+00,        +0.00000000000000000e+00,        +0.00000000000000000e+00,        +0.00000000000000000e+00,        +0.00000000000000000e+00,        +0.00000000000000000e+00,        +0.00000000000000000e+00,        +0.00000000000000000e+00,        +0.00000000000000000e+00,        +0.00000000000000000e+00,        +0.00000000000000000e+00,        +0.00000000000000000e+00,        +0.00000000000000000e+00,        +0.00000000000000000e+00,        +0.00000000000000000e+00,        +1.00000000000000000e+00,        +0.00000000000000000e+00,        +0.00000000000000000e+00,        +0.00000000000000000e+00,        +0.00000000000000000e+00,        +0.00000000000000000e+00,        +0.00000000000000000e+00,        +0.00000000000000000e+00,        +0.00000000000000000e+00,        +0.00000000000000000e+00,        +0.00000000000000000e+00,        +0.00000000000000000e+00,        +0.00000000000000000e+00,        +0.00000000000000000e+00,        +0.00000000000000000e+00,        +0.00000000000000000e+00,        +0.00000000000000000e+00,        +0.00000000000000000e+00,        +0.00000000000000000e+00,        +0.00000000000000000e+00,        +0.00000000000000000e+00,        +0.00000000000000000e+00,        +0.00000000000000000e+00,        +0.00000000000000000e+00,        +0.00000000000000000e+00,        +0.00000000000000000e+00,        +0.00000000000000000e+00,        +0.00000000000000000e+00,        +0.00000000000000000e+00,        +0.00000000000000000e+00,        +0.00000000000000000e+00,        +0.00000000000000000e+00,        +0.00000000000000000e+00,        +0.00000000000000000e+00,        +0.00000000000000000e+00,        +0.00000000000000000e+00,        +0.00000000000000000e+00,        +0.00000000000000000e+00,        +0.00000000000000000e+00,        +0.00000000000000000e+00,        +0.00000000000000000e+00,        +0.00000000000000000e+00,        +0.00000000000000000e+00,        +0.00000000000000000e+00,        +0.00000000000000000e+00,        +0.00000000000000000e+00,        +0.00000000000000000e+00,        +0.00000000000000000e+00,        +0.00000000000000000e+00,        +0.00000000000000000e+00,        +0.00000000000000000e+00,        +0.00000000000000000e+00,        +0.00000000000000000e+00,        +0.00000000000000000e+00,        +0.00000000000000000e+00,        +0.00000000000000000e+00,        +0.00000000000000000e+00,        +0.00000000000000000e+00,        +0.00000000000000000e+00,        +0.00000000000000000e+00,        +0.00000000000000000e+00,        +0.00000000000000000e+00,        +0.00000000000000000e+00,        +0.00000000000000000e+00,        +0.00000000000000000e+00,        +0.00000000000000000e+00,        +0.00000000000000000e+00,        +0.00000000000000000e+00,        +0.00000000000000000e+00,        +0.00000000000000000e+00,        +0.00000000000000000e+00,        +0.00000000000000000e+00,        +0.00000000000000000e+00,        +0.00000000000000000e+00
        +0.00000000000000000e+00,        +0.00000000000000000e+00,        +0.00000000000000000e+00,        +0.00000000000000000e+00,        +0.00000000000000000e+00,        +0.00000000000000000e+00,        +0.00000000000000000e+00,        +0.00000000000000000e+00,        +0.00000000000000000e+00,        +0.00000000000000000e+00,        +0.00000000000000000e+00,        +0.00000000000000000e+00,        +0.00000000000000000e+00,        +0.00000000000000000e+00,        +0.00000000000000000e+00,        +0.00000000000000000e+00,        +0.00000000000000000e+00,        +0.00000000000000000e+00,        +0.00000000000000000e+00,        +0.00000000000000000e+00,        +0.00000000000000000e+00,        +0.00000000000000000e+00,        +0.00000000000000000e+00,        +0.00000000000000000e+00,        +0.00000000000000000e+00,        +0.00000000000000000e+00,        +0.00000000000000000e+00,        +0.00000000000000000e+00,        +0.00000000000000000e+00,        +0.00000000000000000e+00,        +0.00000000000000000e+00,        +0.00000000000000000e+00,        +0.00000000000000000e+00,        +0.00000000000000000e+00,        +0.00000000000000000e+00,        +1.00000000000000000e+00,        +0.00000000000000000e+00,        +0.00000000000000000e+00,        +0.00000000000000000e+00,        +0.00000000000000000e+00,        +0.00000000000000000e+00,        +0.00000000000000000e+00,        +0.00000000000000000e+00,        +0.00000000000000000e+00,        +0.00000000000000000e+00,        +0.00000000000000000e+00,        +0.00000000000000000e+00,        +0.00000000000000000e+00,        +0.00000000000000000e+00,        +0.00000000000000000e+00,        +0.00000000000000000e+00,        +0.00000000000000000e+00,        +0.00000000000000000e+00,        +0.00000000000000000e+00,        +0.00000000000000000e+00,        +0.00000000000000000e+00,        +0.00000000000000000e+00,        +0.00000000000000000e+00,        +0.00000000000000000e+00,        +0.00000000000000000e+00,        +0.00000000000000000e+00,        +0.00000000000000000e+00,        +0.00000000000000000e+00,        +0.00000000000000000e+00,        +0.00000000000000000e+00,        +0.00000000000000000e+00,        +0.00000000000000000e+00,        +0.00000000000000000e+00,        +0.00000000000000000e+00,        +0.00000000000000000e+00,        +0.00000000000000000e+00,        +0.00000000000000000e+00,        +0.00000000000000000e+00,        +0.00000000000000000e+00,        +0.00000000000000000e+00,        +0.00000000000000000e+00,        +0.00000000000000000e+00,        +0.00000000000000000e+00,        +0.00000000000000000e+00,        +0.00000000000000000e+00,        +0.00000000000000000e+00,        +0.00000000000000000e+00,        +0.00000000000000000e+00,        +0.00000000000000000e+00,        +0.00000000000000000e+00,        +0.00000000000000000e+00,        +0.00000000000000000e+00,        +0.00000000000000000e+00,        +0.00000000000000000e+00,        +0.00000000000000000e+00,        +0.00000000000000000e+00,        +0.00000000000000000e+00,        +0.00000000000000000e+00,        +0.00000000000000000e+00,        +0.00000000000000000e+00,        +0.00000000000000000e+00,        +0.00000000000000000e+00,        +0.00000000000000000e+00,        +0.00000000000000000e+00,        +0.00000000000000000e+00,        +0.00000000000000000e+00,        +0.00000000000000000e+00,        +0.00000000000000000e+00,        +0.00000000000000000e+00,        +0.00000000000000000e+00,        +0.00000000000000000e+00,        +0.00000000000000000e+00,        +0.00000000000000000e+00
        +0.00000000000000000e+00,        +0.00000000000000000e+00,        +0.00000000000000000e+00,        +0.00000000000000000e+00,        +0.00000000000000000e+00,        +0.00000000000000000e+00,        +0.00000000000000000e+00,        +0.00000000000000000e+00,        +0.00000000000000000e+00,        +0.00000000000000000e+00,        +0.00000000000000000e+00,        +0.00000000000000000e+00,        +0.00000000000000000e+00,        +0.00000000000000000e+00,        +0.00000000000000000e+00,        +0.00000000000000000e+00,        +0.00000000000000000e+00,        +0.00000000000000000e+00,        +0.00000000000000000e+00,        +0.00000000000000000e+00,        +0.00000000000000000e+00,        +0.00000000000000000e+00,        +0.00000000000000000e+00,        +0.00000000000000000e+00,        +0.00000000000000000e+00,        +0.00000000000000000e+00,        +0.00000000000000000e+00,        +0.00000000000000000e+00,        +0.00000000000000000e+00,        +0.00000000000000000e+00,        +0.00000000000000000e+00,        +0.00000000000000000e+00,        +0.00000000000000000e+00,        +0.00000000000000000e+00,        +0.00000000000000000e+00,        +0.00000000000000000e+00,        +1.00000000000000000e+00,        +0.00000000000000000e+00,        +0.00000000000000000e+00,        +0.00000000000000000e+00,        +0.00000000000000000e+00,        +0.00000000000000000e+00,        +0.00000000000000000e+00,        +0.00000000000000000e+00,        +0.00000000000000000e+00,        +0.00000000000000000e+00,        +0.00000000000000000e+00,        +0.00000000000000000e+00,        +0.00000000000000000e+00,        +0.00000000000000000e+00,        +0.00000000000000000e+00,        +0.00000000000000000e+00,        +0.00000000000000000e+00,        +0.00000000000000000e+00,        +0.00000000000000000e+00,        +0.00000000000000000e+00,        +0.00000000000000000e+00,        +0.00000000000000000e+00,        +0.00000000000000000e+00,        +0.00000000000000000e+00,        +0.00000000000000000e+00,        +0.00000000000000000e+00,        +0.00000000000000000e+00,        +0.00000000000000000e+00,        +0.00000000000000000e+00,        +0.00000000000000000e+00,        +0.00000000000000000e+00,        +0.00000000000000000e+00,        +0.00000000000000000e+00,        +0.00000000000000000e+00,        +0.00000000000000000e+00,        +0.00000000000000000e+00,        +0.00000000000000000e+00,        +0.00000000000000000e+00,        +0.00000000000000000e+00,        +0.00000000000000000e+00,        +0.00000000000000000e+00,        +0.00000000000000000e+00,        +0.00000000000000000e+00,        +0.00000000000000000e+00,        +0.00000000000000000e+00,        +0.00000000000000000e+00,        +0.00000000000000000e+00,        +0.00000000000000000e+00,        +0.00000000000000000e+00,        +0.00000000000000000e+00,        +0.00000000000000000e+00,        +0.00000000000000000e+00,        +0.00000000000000000e+00,        +0.00000000000000000e+00,        +0.00000000000000000e+00,        +0.00000000000000000e+00,        +0.00000000000000000e+00,        +0.00000000000000000e+00,        +0.00000000000000000e+00,        +0.00000000000000000e+00,        +0.00000000000000000e+00,        +0.00000000000000000e+00,        +0.00000000000000000e+00,        +0.00000000000000000e+00,        +0.00000000000000000e+00,        +0.00000000000000000e+00,        +0.00000000000000000e+00,        +0.00000000000000000e+00,        +0.00000000000000000e+00,        +0.00000000000000000e+00,        +0.00000000000000000e+00,        +0.00000000000000000e+00
        +0.00000000000000000e+00,        +0.00000000000000000e+00,        +0.00000000000000000e+00,        +0.00000000000000000e+00,        +0.00000000000000000e+00,        +0.00000000000000000e+00,        +0.00000000000000000e+00,        +0.00000000000000000e+00,        +0.00000000000000000e+00,        +0.00000000000000000e+00,        +0.00000000000000000e+00,        +0.00000000000000000e+00,        +0.00000000000000000e+00,        +0.00000000000000000e+00,        +0.00000000000000000e+00,        +0.00000000000000000e+00,        +0.00000000000000000e+00,        +0.00000000000000000e+00,        +0.00000000000000000e+00,        +0.00000000000000000e+00,        +0.00000000000000000e+00,        +0.00000000000000000e+00,        +0.00000000000000000e+00,        +0.00000000000000000e+00,        +0.00000000000000000e+00,        +0.00000000000000000e+00,        +0.00000000000000000e+00,        +0.00000000000000000e+00,        +0.00000000000000000e+00,        +0.00000000000000000e+00,        +0.00000000000000000e+00,        +0.00000000000000000e+00,        +0.00000000000000000e+00,        +0.00000000000000000e+00,        +0.00000000000000000e+00,        +0.00000000000000000e+00,        +0.00000000000000000e+00,        +1.00000000000000000e+00,        +0.00000000000000000e+00,        +0.00000000000000000e+00,        +0.00000000000000000e+00,        +0.00000000000000000e+00,        +0.00000000000000000e+00,        +0.00000000000000000e+00,        +0.00000000000000000e+00,        +0.00000000000000000e+00,        +0.00000000000000000e+00,        +0.00000000000000000e+00,        +0.00000000000000000e+00,        +0.00000000000000000e+00,        +0.00000000000000000e+00,        +0.00000000000000000e+00,        +0.00000000000000000e+00,        +0.00000000000000000e+00,        +0.00000000000000000e+00,        +0.00000000000000000e+00,        +0.00000000000000000e+00,        +0.00000000000000000e+00,        +0.00000000000000000e+00,        +0.00000000000000000e+00,        +0.00000000000000000e+00,        +0.00000000000000000e+00,        +0.00000000000000000e+00,        +0.00000000000000000e+00,        +0.00000000000000000e+00,        +0.00000000000000000e+00,        +0.00000000000000000e+00,        +0.00000000000000000e+00,        +0.00000000000000000e+00,        +0.00000000000000000e+00,        +0.00000000000000000e+00,        +0.00000000000000000e+00,        +0.00000000000000000e+00,        +0.00000000000000000e+00,        +0.00000000000000000e+00,        +0.00000000000000000e+00,        +0.00000000000000000e+00,        +0.00000000000000000e+00,        +0.00000000000000000e+00,        +0.00000000000000000e+00,        +0.00000000000000000e+00,        +0.00000000000000000e+00,        +0.00000000000000000e+00,        +0.00000000000000000e+00,        +0.00000000000000000e+00,        +0.00000000000000000e+00,        +0.00000000000000000e+00,        +0.00000000000000000e+00,        +0.00000000000000000e+00,        +0.00000000000000000e+00,        +0.00000000000000000e+00,        +0.00000000000000000e+00,        +0.00000000000000000e+00,        +0.00000000000000000e+00,        +0.00000000000000000e+00,        +0.00000000000000000e+00,        +0.00000000000000000e+00,        +0.00000000000000000e+00,        +0.00000000000000000e+00,        +0.00000000000000000e+00,        +0.00000000000000000e+00,        +0.00000000000000000e+00,        +0.00000000000000000e+00,        +0.00000000000000000e+00,        +0.00000000000000000e+00,        +0.00000000000000000e+00,        +0.00000000000000000e+00,        +0.00000000000000000e+00
        +0.00000000000000000e+00,        +0.00000000000000000e+00,        +0.00000000000000000e+00,        +0.00000000000000000e+00,        +0.00000000000000000e+00,        +0.00000000000000000e+00,        +0.00000000000000000e+00,        +0.00000000000000000e+00,        +0.00000000000000000e+00,        +0.00000000000000000e+00,        +0.00000000000000000e+00,        +0.00000000000000000e+00,        +0.00000000000000000e+00,        +0.00000000000000000e+00,        +0.00000000000000000e+00,        +0.00000000000000000e+00,        +0.00000000000000000e+00,        +0.00000000000000000e+00,        +0.00000000000000000e+00,        +0.00000000000000000e+00,        +0.00000000000000000e+00,        +0.00000000000000000e+00,        +0.00000000000000000e+00,        +0.00000000000000000e+00,        +0.00000000000000000e+00,        +0.00000000000000000e+00,        +0.00000000000000000e+00,        +0.00000000000000000e+00,        +0.00000000000000000e+00,        +0.00000000000000000e+00,        +0.00000000000000000e+00,        +0.00000000000000000e+00,        +0.00000000000000000e+00,        +0.00000000000000000e+00,        +0.00000000000000000e+00,        +0.00000000000000000e+00,        +0.00000000000000000e+00,        +0.00000000000000000e+00,        +1.00000000000000000e+00,        +0.00000000000000000e+00,        +0.00000000000000000e+00,        +0.00000000000000000e+00,        +0.00000000000000000e+00,        +0.00000000000000000e+00,        +0.00000000000000000e+00,        +0.00000000000000000e+00,        +0.00000000000000000e+00,        +0.00000000000000000e+00,        +0.00000000000000000e+00,        +0.00000000000000000e+00,        +0.00000000000000000e+00,        +0.00000000000000000e+00,        +0.00000000000000000e+00,        +0.00000000000000000e+00,        +0.00000000000000000e+00,        +0.00000000000000000e+00,        +0.00000000000000000e+00,        +0.00000000000000000e+00,        +0.00000000000000000e+00,        +0.00000000000000000e+00,        +0.00000000000000000e+00,        +0.00000000000000000e+00,        +0.00000000000000000e+00,        +0.00000000000000000e+00,        +0.00000000000000000e+00,        +0.00000000000000000e+00,        +0.00000000000000000e+00,        +0.00000000000000000e+00,        +0.00000000000000000e+00,        +0.00000000000000000e+00,        +0.00000000000000000e+00,        +0.00000000000000000e+00,        +0.00000000000000000e+00,        +0.00000000000000000e+00,        +0.00000000000000000e+00,        +0.00000000000000000e+00,        +0.00000000000000000e+00,        +0.00000000000000000e+00,        +0.00000000000000000e+00,        +0.00000000000000000e+00,        +0.00000000000000000e+00,        +0.00000000000000000e+00,        +0.00000000000000000e+00,        +0.00000000000000000e+00,        +0.00000000000000000e+00,        +0.00000000000000000e+00,        +0.00000000000000000e+00,        +0.00000000000000000e+00,        +0.00000000000000000e+00,        +0.00000000000000000e+00,        +0.00000000000000000e+00,        +0.00000000000000000e+00,        +0.00000000000000000e+00,        +0.00000000000000000e+00,        +0.00000000000000000e+00,        +0.00000000000000000e+00,        +0.00000000000000000e+00,        +0.00000000000000000e+00,        +0.00000000000000000e+00,        +0.00000000000000000e+00,        +0.00000000000000000e+00,        +0.00000000000000000e+00,        +0.00000000000000000e+00,        +0.00000000000000000e+00,        +0.00000000000000000e+00,        +0.00000000000000000e+00,        +0.00000000000000000e+00,        +0.00000000000000000e+00
        +0.00000000000000000e+00,        +0.00000000000000000e+00,        +0.00000000000000000e+00,        +0.00000000000000000e+00,        +0.00000000000000000e+00,        +0.00000000000000000e+00,        +0.00000000000000000e+00,        +0.00000000000000000e+00,        +0.00000000000000000e+00,        +0.00000000000000000e+00,        +0.00000000000000000e+00,        +0.00000000000000000e+00,        +0.00000000000000000e+00,        +0.00000000000000000e+00,        +0.00000000000000000e+00,        +0.00000000000000000e+00,        +0.00000000000000000e+00,        +0.00000000000000000e+00,        +0.00000000000000000e+00,        +0.00000000000000000e+00,        +0.00000000000000000e+00,        +0.00000000000000000e+00,        +0.00000000000000000e+00,        +0.00000000000000000e+00,        +0.00000000000000000e+00,        +0.00000000000000000e+00,        +0.00000000000000000e+00,        +0.00000000000000000e+00,        +0.00000000000000000e+00,        +0.00000000000000000e+00,        +0.00000000000000000e+00,        +0.00000000000000000e+00,        +0.00000000000000000e+00,        +0.00000000000000000e+00,        +0.00000000000000000e+00,        +0.00000000000000000e+00,        +0.00000000000000000e+00,        +0.00000000000000000e+00,        +0.00000000000000000e+00,        +1.00000000000000000e+00,        +0.00000000000000000e+00,        +0.00000000000000000e+00,        +0.00000000000000000e+00,        +0.00000000000000000e+00,        +0.00000000000000000e+00,        +0.00000000000000000e+00,        +0.00000000000000000e+00,        +0.00000000000000000e+00,        +0.00000000000000000e+00,        +0.00000000000000000e+00,        +0.00000000000000000e+00,        +0.00000000000000000e+00,        +0.00000000000000000e+00,        +0.00000000000000000e+00,        +0.00000000000000000e+00,        +0.00000000000000000e+00,        +0.00000000000000000e+00,        +0.00000000000000000e+00,        +0.00000000000000000e+00,        +0.00000000000000000e+00,        +0.00000000000000000e+00,        +0.00000000000000000e+00,        +0.00000000000000000e+00,        +0.00000000000000000e+00,        +0.00000000000000000e+00,        +0.00000000000000000e+00,        +0.00000000000000000e+00,        +0.00000000000000000e+00,        +0.00000000000000000e+00,        +0.00000000000000000e+00,        +0.00000000000000000e+00,        +0.00000000000000000e+00,        +0.00000000000000000e+00,        +0.00000000000000000e+00,        +0.00000000000000000e+00,        +0.00000000000000000e+00,        +0.00000000000000000e+00,        +0.00000000000000000e+00,        +0.00000000000000000e+00,        +0.00000000000000000e+00,        +0.00000000000000000e+00,        +0.00000000000000000e+00,        +0.00000000000000000e+00,        +0.00000000000000000e+00,        +0.00000000000000000e+00,        +0.00000000000000000e+00,        +0.00000000000000000e+00,        +0.00000000000000000e+00,        +0.00000000000000000e+00,        +0.00000000000000000e+00,        +0.00000000000000000e+00,        +0.00000000000000000e+00,        +0.00000000000000000e+00,        +0.00000000000000000e+00,        +0.00000000000000000e+00,        +0.00000000000000000e+00,        +0.00000000000000000e+00,        +0.00000000000000000e+00,        +0.00000000000000000e+00,        +0.00000000000000000e+00,        +0.00000000000000000e+00,        +0.00000000000000000e+00,        +0.00000000000000000e+00,        +0.00000000000000000e+00,        +0.00000000000000000e+00,        +0.00000000000000000e+00,        +0.00000000000000000e+00,        +0.00000000000000000e+00
        +0.00000000000000000e+00,        +0.00000000000000000e+00,        +0.00000000000000000e+00,        +0.00000000000000000e+00,        +0.00000000000000000e+00,        +0.00000000000000000e+00,        +0.00000000000000000e+00,        +0.00000000000000000e+00,        +0.00000000000000000e+00,        +0.00000000000000000e+00,        +0.00000000000000000e+00,        +0.00000000000000000e+00,        +0.00000000000000000e+00,        +0.00000000000000000e+00,        +0.00000000000000000e+00,        +0.00000000000000000e+00,        +0.00000000000000000e+00,        +0.00000000000000000e+00,        +0.00000000000000000e+00,        +0.00000000000000000e+00,        +0.00000000000000000e+00,        +0.00000000000000000e+00,        +0.00000000000000000e+00,        +0.00000000000000000e+00,        +0.00000000000000000e+00,        +0.00000000000000000e+00,        +0.00000000000000000e+00,        +0.00000000000000000e+00,        +0.00000000000000000e+00,        +0.00000000000000000e+00,        +0.00000000000000000e+00,        +0.00000000000000000e+00,        +0.00000000000000000e+00,        +0.00000000000000000e+00,        +0.00000000000000000e+00,        +0.00000000000000000e+00,        +0.00000000000000000e+00,        +0.00000000000000000e+00,        +0.00000000000000000e+00,        +0.00000000000000000e+00,        +1.00000000000000000e+00,        +0.00000000000000000e+00,        +0.00000000000000000e+00,        +0.00000000000000000e+00,        +0.00000000000000000e+00,        +0.00000000000000000e+00,        +0.00000000000000000e+00,        +0.00000000000000000e+00,        +0.00000000000000000e+00,        +0.00000000000000000e+00,        +0.00000000000000000e+00,        +0.00000000000000000e+00,        +0.00000000000000000e+00,        +0.00000000000000000e+00,        +0.00000000000000000e+00,        +0.00000000000000000e+00,        +0.00000000000000000e+00,        +0.00000000000000000e+00,        +0.00000000000000000e+00,        +0.00000000000000000e+00,        +0.00000000000000000e+00,        +0.00000000000000000e+00,        +0.00000000000000000e+00,        +0.00000000000000000e+00,        +0.00000000000000000e+00,        +0.00000000000000000e+00,        +0.00000000000000000e+00,        +0.00000000000000000e+00,        +0.00000000000000000e+00,        +0.00000000000000000e+00,        +0.00000000000000000e+00,        +0.00000000000000000e+00,        +0.00000000000000000e+00,        +0.00000000000000000e+00,        +0.00000000000000000e+00,        +0.00000000000000000e+00,        +0.00000000000000000e+00,        +0.00000000000000000e+00,        +0.00000000000000000e+00,        +0.00000000000000000e+00,        +0.00000000000000000e+00,        +0.00000000000000000e+00,        +0.00000000000000000e+00,        +0.00000000000000000e+00,        +0.00000000000000000e+00,        +0.00000000000000000e+00,        +0.00000000000000000e+00,        +0.00000000000000000e+00,        +0.00000000000000000e+00,        +0.00000000000000000e+00,        +0.00000000000000000e+00,        +0.00000000000000000e+00,        +0.00000000000000000e+00,        +0.00000000000000000e+00,        +0.00000000000000000e+00,        +0.00000000000000000e+00,        +0.00000000000000000e+00,        +0.00000000000000000e+00,        +0.00000000000000000e+00,        +0.00000000000000000e+00,        +0.00000000000000000e+00,        +0.00000000000000000e+00,        +0.00000000000000000e+00,        +0.00000000000000000e+00,        +0.00000000000000000e+00,        +0.00000000000000000e+00,        +0.00000000000000000e+00,        +0.00000000000000000e+00
        +0.00000000000000000e+00,        +0.00000000000000000e+00,        +0.00000000000000000e+00,        +0.00000000000000000e+00,        +0.00000000000000000e+00,        +0.00000000000000000e+00,        +0.00000000000000000e+00,        +0.00000000000000000e+00,        +0.00000000000000000e+00,        +0.00000000000000000e+00,        +0.00000000000000000e+00,        +0.00000000000000000e+00,        +0.00000000000000000e+00,        +0.00000000000000000e+00,        +0.00000000000000000e+00,        +0.00000000000000000e+00,        +0.00000000000000000e+00,        +0.00000000000000000e+00,        +0.00000000000000000e+00,        +0.00000000000000000e+00,        +0.00000000000000000e+00,        +0.00000000000000000e+00,        +0.00000000000000000e+00,        +0.00000000000000000e+00,        +0.00000000000000000e+00,        +0.00000000000000000e+00,        +0.00000000000000000e+00,        +0.00000000000000000e+00,        +0.00000000000000000e+00,        +0.00000000000000000e+00,        +0.00000000000000000e+00,        +0.00000000000000000e+00,        +0.00000000000000000e+00,        +0.00000000000000000e+00,        +0.00000000000000000e+00,        +0.00000000000000000e+00,        +0.00000000000000000e+00,        +0.00000000000000000e+00,        +0.00000000000000000e+00,        +0.00000000000000000e+00,        +0.00000000000000000e+00,        +1.00000000000000000e+00,        +0.00000000000000000e+00,        +0.00000000000000000e+00,        +0.00000000000000000e+00,        +0.00000000000000000e+00,        +0.00000000000000000e+00,        +0.00000000000000000e+00,        +0.00000000000000000e+00,        +0.00000000000000000e+00,        +0.00000000000000000e+00,        +0.00000000000000000e+00,        +0.00000000000000000e+00,        +0.00000000000000000e+00,        +0.00000000000000000e+00,        +0.00000000000000000e+00,        +0.00000000000000000e+00,        +0.00000000000000000e+00,        +0.00000000000000000e+00,        +0.00000000000000000e+00,        +0.00000000000000000e+00,        +0.00000000000000000e+00,        +0.00000000000000000e+00,        +0.00000000000000000e+00,        +0.00000000000000000e+00,        +0.00000000000000000e+00,        +0.00000000000000000e+00,        +0.00000000000000000e+00,        +0.00000000000000000e+00,        +0.00000000000000000e+00,        +0.00000000000000000e+00,        +0.00000000000000000e+00,        +0.00000000000000000e+00,        +0.00000000000000000e+00,        +0.00000000000000000e+00,        +0.00000000000000000e+00,        +0.00000000000000000e+00,        +0.00000000000000000e+00,        +0.00000000000000000e+00,        +0.00000000000000000e+00,        +0.00000000000000000e+00,        +0.00000000000000000e+00,        +0.00000000000000000e+00,        +0.00000000000000000e+00,        +0.00000000000000000e+00,        +0.00000000000000000e+00,        +0.00000000000000000e+00,        +0.00000000000000000e+00,        +0.00000000000000000e+00,        +0.00000000000000000e+00,        +0.00000000000000000e+00,        +0.00000000000000000e+00,        +0.00000000000000000e+00,        +0.00000000000000000e+00,        +0.00000000000000000e+00,        +0.00000000000000000e+00,        +0.00000000000000000e+00,        +0.00000000000000000e+00,        +0.00000000000000000e+00,        +0.00000000000000000e+00,        +0.00000000000000000e+00,        +0.00000000000000000e+00,        +0.00000000000000000e+00,        +0.00000000000000000e+00,        +0.00000000000000000e+00,        +0.00000000000000000e+00,        +0.00000000000000000e+00,        +0.00000000000000000e+00
        +0.00000000000000000e+00,        +0.00000000000000000e+00,        +0.00000000000000000e+00,        +0.00000000000000000e+00,        +0.00000000000000000e+00,        +0.00000000000000000e+00,        +0.00000000000000000e+00,        +0.00000000000000000e+00,        +0.00000000000000000e+00,        +0.00000000000000000e+00,        +0.00000000000000000e+00,        +0.00000000000000000e+00,        +0.00000000000000000e+00,        +0.00000000000000000e+00,        +0.00000000000000000e+00,        +0.00000000000000000e+00,        +0.00000000000000000e+00,        +0.00000000000000000e+00,        +0.00000000000000000e+00,        +0.00000000000000000e+00,        +0.00000000000000000e+00,        +0.00000000000000000e+00,        +0.00000000000000000e+00,        +0.00000000000000000e+00,        +0.00000000000000000e+00,        +0.00000000000000000e+00,        +0.00000000000000000e+00,        +0.00000000000000000e+00,        +0.00000000000000000e+00,        +0.00000000000000000e+00,        +0.00000000000000000e+00,        +0.00000000000000000e+00,        +0.00000000000000000e+00,        +0.00000000000000000e+00,        +0.00000000000000000e+00,        +0.00000000000000000e+00,        +0.00000000000000000e+00,        +0.00000000000000000e+00,        +0.00000000000000000e+00,        +0.00000000000000000e+00,        +0.00000000000000000e+00,        +0.00000000000000000e+00,        +1.00000000000000000e+00,        +0.00000000000000000e+00,        +0.00000000000000000e+00,        +0.00000000000000000e+00,        +0.00000000000000000e+00,        +0.00000000000000000e+00,        +0.00000000000000000e+00,        +0.00000000000000000e+00,        +0.00000000000000000e+00,        +0.00000000000000000e+00,        +0.00000000000000000e+00,        +0.00000000000000000e+00,        +0.00000000000000000e+00,        +0.00000000000000000e+00,        +0.00000000000000000e+00,        +0.00000000000000000e+00,        +0.00000000000000000e+00,        +0.00000000000000000e+00,        +0.00000000000000000e+00,        +0.00000000000000000e+00,        +0.00000000000000000e+00,        +0.00000000000000000e+00,        +0.00000000000000000e+00,        +0.00000000000000000e+00,        +0.00000000000000000e+00,        +0.00000000000000000e+00,        +0.00000000000000000e+00,        +0.00000000000000000e+00,        +0.00000000000000000e+00,        +0.00000000000000000e+00,        +0.00000000000000000e+00,        +0.00000000000000000e+00,        +0.00000000000000000e+00,        +0.00000000000000000e+00,        +0.00000000000000000e+00,        +0.00000000000000000e+00,        +0.00000000000000000e+00,        +0.00000000000000000e+00,        +0.00000000000000000e+00,        +0.00000000000000000e+00,        +0.00000000000000000e+00,        +0.00000000000000000e+00,        +0.00000000000000000e+00,        +0.00000000000000000e+00,        +0.00000000000000000e+00,        +0.00000000000000000e+00,        +0.00000000000000000e+00,        +0.00000000000000000e+00,        +0.00000000000000000e+00,        +0.00000000000000000e+00,        +0.00000000000000000e+00,        +0.00000000000000000e+00,        +0.00000000000000000e+00,        +0.00000000000000000e+00,        +0.00000000000000000e+00,        +0.00000000000000000e+00,        +0.00000000000000000e+00,        +0.00000000000000000e+00,        +0.00000000000000000e+00,        +0.00000000000000000e+00,        +0.00000000000000000e+00,        +0.00000000000000000e+00,        +0.00000000000000000e+00,        +0.00000000000000000e+00,        +0.00000000000000000e+00,        +0.00000000000000000e+00
        +0.00000000000000000e+00,        +0.00000000000000000e+00,        +0.00000000000000000e+00,        +0.00000000000000000e+00,        +0.00000000000000000e+00,        +0.00000000000000000e+00,        +0.00000000000000000e+00,        +0.00000000000000000e+00,        +0.00000000000000000e+00,        +0.00000000000000000e+00,        +0.00000000000000000e+00,        +0.00000000000000000e+00,        +0.00000000000000000e+00,        +0.00000000000000000e+00,        +0.00000000000000000e+00,        +0.00000000000000000e+00,        +0.00000000000000000e+00,        +0.00000000000000000e+00,        +0.00000000000000000e+00,        +0.00000000000000000e+00,        +0.00000000000000000e+00,        +0.00000000000000000e+00,        +0.00000000000000000e+00,        +0.00000000000000000e+00,        +0.00000000000000000e+00,        +0.00000000000000000e+00,        +0.00000000000000000e+00,        +0.00000000000000000e+00,        +0.00000000000000000e+00,        +0.00000000000000000e+00,        +0.00000000000000000e+00,        +0.00000000000000000e+00,        +0.00000000000000000e+00,        +0.00000000000000000e+00,        +0.00000000000000000e+00,        +0.00000000000000000e+00,        +0.00000000000000000e+00,        +0.00000000000000000e+00,        +0.00000000000000000e+00,        +0.00000000000000000e+00,        +0.00000000000000000e+00,        +0.00000000000000000e+00,        +0.00000000000000000e+00,        +1.00000000000000000e+00,        +0.00000000000000000e+00,        +0.00000000000000000e+00,        +0.00000000000000000e+00,        +0.00000000000000000e+00,        +0.00000000000000000e+00,        +0.00000000000000000e+00,        +0.00000000000000000e+00,        +0.00000000000000000e+00,        +0.00000000000000000e+00,        +0.00000000000000000e+00,        +0.00000000000000000e+00,        +0.00000000000000000e+00,        +0.00000000000000000e+00,        +0.00000000000000000e+00,        +0.00000000000000000e+00,        +0.00000000000000000e+00,        +0.00000000000000000e+00,        +0.00000000000000000e+00,        +0.00000000000000000e+00,        +0.00000000000000000e+00,        +0.00000000000000000e+00,        +0.00000000000000000e+00,        +0.00000000000000000e+00,        +0.00000000000000000e+00,        +0.00000000000000000e+00,        +0.00000000000000000e+00,        +0.00000000000000000e+00,        +0.00000000000000000e+00,        +0.00000000000000000e+00,        +0.00000000000000000e+00,        +0.00000000000000000e+00,        +0.00000000000000000e+00,        +0.00000000000000000e+00,        +0.00000000000000000e+00,        +0.00000000000000000e+00,        +0.00000000000000000e+00,        +0.00000000000000000e+00,        +0.00000000000000000e+00,        +0.00000000000000000e+00,        +0.00000000000000000e+00,        +0.00000000000000000e+00,        +0.00000000000000000e+00,        +0.00000000000000000e+00,        +0.00000000000000000e+00,        +0.00000000000000000e+00,        +0.00000000000000000e+00,        +0.00000000000000000e+00,        +0.00000000000000000e+00,        +0.00000000000000000e+00,        +0.00000000000000000e+00,        +0.00000000000000000e+00,        +0.00000000000000000e+00,        +0.00000000000000000e+00,        +0.00000000000000000e+00,        +0.00000000000000000e+00,        +0.00000000000000000e+00,        +0.00000000000000000e+00,        +0.00000000000000000e+00,        +0.00000000000000000e+00,        +0.00000000000000000e+00,        +0.00000000000000000e+00,        +0.00000000000000000e+00,        +0.00000000000000000e+00,        +0.00000000000000000e+00
        +0.00000000000000000e+00,        +0.00000000000000000e+00,        +0.00000000000000000e+00,        +0.00000000000000000e+00,        +0.00000000000000000e+00,        +0.00000000000000000e+00,        +0.00000000000000000e+00,        +0.00000000000000000e+00,        +0.00000000000000000e+00,        +0.00000000000000000e+00,        +0.00000000000000000e+00,        +0.00000000000000000e+00,        +0.00000000000000000e+00,        +0.00000000000000000e+00,        +0.00000000000000000e+00,        +0.00000000000000000e+00,        +0.00000000000000000e+00,        +0.00000000000000000e+00,        +0.00000000000000000e+00,        +0.00000000000000000e+00,        +0.00000000000000000e+00,        +0.00000000000000000e+00,        +0.00000000000000000e+00,        +0.00000000000000000e+00,        +0.00000000000000000e+00,        +0.00000000000000000e+00,        +0.00000000000000000e+00,        +0.00000000000000000e+00,        +0.00000000000000000e+00,        +0.00000000000000000e+00,        +0.00000000000000000e+00,        +0.00000000000000000e+00,        +0.00000000000000000e+00,        +0.00000000000000000e+00,        +0.00000000000000000e+00,        +0.00000000000000000e+00,        +0.00000000000000000e+00,        +0.00000000000000000e+00,        +0.00000000000000000e+00,        +0.00000000000000000e+00,        +0.00000000000000000e+00,        +0.00000000000000000e+00,        +0.00000000000000000e+00,        +0.00000000000000000e+00,        +1.00000000000000000e+00,        +0.00000000000000000e+00,        +0.00000000000000000e+00,        +0.00000000000000000e+00,        +0.00000000000000000e+00,        +0.00000000000000000e+00,        +0.00000000000000000e+00,        +0.00000000000000000e+00,        +0.00000000000000000e+00,        +0.00000000000000000e+00,        +0.00000000000000000e+00,        +0.00000000000000000e+00,        +0.00000000000000000e+00,        +0.00000000000000000e+00,        +0.00000000000000000e+00,        +0.00000000000000000e+00,        +0.00000000000000000e+00,        +0.00000000000000000e+00,        +0.00000000000000000e+00,        +0.00000000000000000e+00,        +0.00000000000000000e+00,        +0.00000000000000000e+00,        +0.00000000000000000e+00,        +0.00000000000000000e+00,        +0.00000000000000000e+00,        +0.00000000000000000e+00,        +0.00000000000000000e+00,        +0.00000000000000000e+00,        +0.00000000000000000e+00,        +0.00000000000000000e+00,        +0.00000000000000000e+00,        +0.00000000000000000e+00,        +0.00000000000000000e+00,        +0.00000000000000000e+00,        +0.00000000000000000e+00,        +0.00000000000000000e+00,        +0.00000000000000000e+00,        +0.00000000000000000e+00,        +0.00000000000000000e+00,        +0.00000000000000000e+00,        +0.00000000000000000e+00,        +0.00000000000000000e+00,        +0.00000000000000000e+00,        +0.00000000000000000e+00,        +0.00000000000000000e+00,        +0.00000000000000000e+00,        +0.00000000000000000e+00,        +0.00000000000000000e+00,        +0.00000000000000000e+00,        +0.00000000000000000e+00,        +0.00000000000000000e+00,        +0.00000000000000000e+00,        +0.00000000000000000e+00,        +0.00000000000000000e+00,        +0.00000000000000000e+00,        +0.00000000000000000e+00,        +0.00000000000000000e+00,        +0.00000000000000000e+00,        +0.00000000000000000e+00,        +0.00000000000000000e+00,        +0.00000000000000000e+00,        +0.00000000000000000e+00,        +0.00000000000000000e+00,        +0.00000000000000000e+00
        +0.00000000000000000e+00,        +0.00000000000000000e+00,        +0.00000000000000000e+00,        +0.00000000000000000e+00,        +0.00000000000000000e+00,        +0.00000000000000000e+00,        +0.00000000000000000e+00,        +0.00000000000000000e+00,        +0.00000000000000000e+00,        +0.00000000000000000e+00,        +0.00000000000000000e+00,        +0.00000000000000000e+00,        +0.00000000000000000e+00,        +0.00000000000000000e+00,        +0.00000000000000000e+00,        +0.00000000000000000e+00,        +0.00000000000000000e+00,        +0.00000000000000000e+00,        +0.00000000000000000e+00,        +0.00000000000000000e+00,        +0.00000000000000000e+00,        +0.00000000000000000e+00,        +0.00000000000000000e+00,        +0.00000000000000000e+00,        +0.00000000000000000e+00,        +0.00000000000000000e+00,        +0.00000000000000000e+00,        +0.00000000000000000e+00,        +0.00000000000000000e+00,        +0.00000000000000000e+00,        +0.00000000000000000e+00,        +0.00000000000000000e+00,        +0.00000000000000000e+00,        +0.00000000000000000e+00,        +0.00000000000000000e+00,        +0.00000000000000000e+00,        +0.00000000000000000e+00,        +0.00000000000000000e+00,        +0.00000000000000000e+00,        +0.00000000000000000e+00,        +0.00000000000000000e+00,        +0.00000000000000000e+00,        +0.00000000000000000e+00,        +0.00000000000000000e+00,        +0.00000000000000000e+00,        +1.00000000000000000e+00,        +0.00000000000000000e+00,        +0.00000000000000000e+00,        +0.00000000000000000e+00,        +0.00000000000000000e+00,        +0.00000000000000000e+00,        +0.00000000000000000e+00,        +0.00000000000000000e+00,        +0.00000000000000000e+00,        +0.00000000000000000e+00,        +0.00000000000000000e+00,        +0.00000000000000000e+00,        +0.00000000000000000e+00,        +0.00000000000000000e+00,        +0.00000000000000000e+00,        +0.00000000000000000e+00,        +0.00000000000000000e+00,        +0.00000000000000000e+00,        +0.00000000000000000e+00,        +0.00000000000000000e+00,        +0.00000000000000000e+00,        +0.00000000000000000e+00,        +0.00000000000000000e+00,        +0.00000000000000000e+00,        +0.00000000000000000e+00,        +0.00000000000000000e+00,        +0.00000000000000000e+00,        +0.00000000000000000e+00,        +0.00000000000000000e+00,        +0.00000000000000000e+00,        +0.00000000000000000e+00,        +0.00000000000000000e+00,        +0.00000000000000000e+00,        +0.00000000000000000e+00,        +0.00000000000000000e+00,        +0.00000000000000000e+00,        +0.00000000000000000e+00,        +0.00000000000000000e+00,        +0.00000000000000000e+00,        +0.00000000000000000e+00,        +0.00000000000000000e+00,        +0.00000000000000000e+00,        +0.00000000000000000e+00,        +0.00000000000000000e+00,        +0.00000000000000000e+00,        +0.00000000000000000e+00,        +0.00000000000000000e+00,        +0.00000000000000000e+00,        +0.00000000000000000e+00,        +0.00000000000000000e+00,        +0.00000000000000000e+00,        +0.00000000000000000e+00,        +0.00000000000000000e+00,        +0.00000000000000000e+00,        +0.00000000000000000e+00,        +0.00000000000000000e+00,        +0.00000000000000000e+00,        +0.00000000000000000e+00,        +0.00000000000000000e+00,        +0.00000000000000000e+00,        +0.00000000000000000e+00,        +0.00000000000000000e+00,        +0.00000000000000000e+00
        +0.00000000000000000e+00,        +0.00000000000000000e+00,        +0.00000000000000000e+00,        +0.00000000000000000e+00,        +0.00000000000000000e+00,        +0.00000000000000000e+00,        +0.00000000000000000e+00,        +0.00000000000000000e+00,        +0.00000000000000000e+00,        +0.00000000000000000e+00,        +0.00000000000000000e+00,        +0.00000000000000000e+00,        +0.00000000000000000e+00,        +0.00000000000000000e+00,        +0.00000000000000000e+00,        +0.00000000000000000e+00,        +0.00000000000000000e+00,        +0.00000000000000000e+00,        +0.00000000000000000e+00,        +0.00000000000000000e+00,        +0.00000000000000000e+00,        +0.00000000000000000e+00,        +0.00000000000000000e+00,        +0.00000000000000000e+00,        +0.00000000000000000e+00,        +0.00000000000000000e+00,        +0.00000000000000000e+00,        +0.00000000000000000e+00,        +0.00000000000000000e+00,        +0.00000000000000000e+00,        +0.00000000000000000e+00,        +0.00000000000000000e+00,        +0.00000000000000000e+00,        +0.00000000000000000e+00,        +0.00000000000000000e+00,        +0.00000000000000000e+00,        +0.00000000000000000e+00,        +0.00000000000000000e+00,        +0.00000000000000000e+00,        +0.00000000000000000e+00,        +0.00000000000000000e+00,        +0.00000000000000000e+00,        +0.00000000000000000e+00,        +0.00000000000000000e+00,        +0.00000000000000000e+00,        +0.00000000000000000e+00,        +1.00000000000000000e+00,        +0.00000000000000000e+00,        +0.00000000000000000e+00,        +0.00000000000000000e+00,        +0.00000000000000000e+00,        +0.00000000000000000e+00,        +0.00000000000000000e+00,        +0.00000000000000000e+00,        +0.00000000000000000e+00,        +0.00000000000000000e+00,        +0.00000000000000000e+00,        +0.00000000000000000e+00,        +0.00000000000000000e+00,        +0.00000000000000000e+00,        +0.00000000000000000e+00,        +0.00000000000000000e+00,        +0.00000000000000000e+00,        +0.00000000000000000e+00,        +0.00000000000000000e+00,        +0.00000000000000000e+00,        +0.00000000000000000e+00,        +0.00000000000000000e+00,        +0.00000000000000000e+00,        +0.00000000000000000e+00,        +0.00000000000000000e+00,        +0.00000000000000000e+00,        +0.00000000000000000e+00,        +0.00000000000000000e+00,        +0.00000000000000000e+00,        +0.00000000000000000e+00,        +0.00000000000000000e+00,        +0.00000000000000000e+00,        +0.00000000000000000e+00,        +0.00000000000000000e+00,        +0.00000000000000000e+00,        +0.00000000000000000e+00,        +0.00000000000000000e+00,        +0.00000000000000000e+00,        +0.00000000000000000e+00,        +0.00000000000000000e+00,        +0.00000000000000000e+00,        +0.00000000000000000e+00,        +0.00000000000000000e+00,        +0.00000000000000000e+00,        +0.00000000000000000e+00,        +0.00000000000000000e+00,        +0.00000000000000000e+00,        +0.00000000000000000e+00,        +0.00000000000000000e+00,        +0.00000000000000000e+00,        +0.00000000000000000e+00,        +0.00000000000000000e+00,        +0.00000000000000000e+00,        +0.00000000000000000e+00,        +0.00000000000000000e+00,        +0.00000000000000000e+00,        +0.00000000000000000e+00,        +0.00000000000000000e+00,        +0.00000000000000000e+00,        +0.00000000000000000e+00,        +0.00000000000000000e+00,        +0.00000000000000000e+00
        +0.00000000000000000e+00,        +0.00000000000000000e+00,        +0.00000000000000000e+00,        +0.00000000000000000e+00,        +0.00000000000000000e+00,        +0.00000000000000000e+00,        +0.00000000000000000e+00,        +0.00000000000000000e+00,        +0.00000000000000000e+00,        +0.00000000000000000e+00,        +0.00000000000000000e+00,        +0.00000000000000000e+00,        +0.00000000000000000e+00,        +0.00000000000000000e+00,        +0.00000000000000000e+00,        +0.00000000000000000e+00,        +0.00000000000000000e+00,        +0.00000000000000000e+00,        +0.00000000000000000e+00,        +0.00000000000000000e+00,        +0.00000000000000000e+00,        +0.00000000000000000e+00,        +0.00000000000000000e+00,        +0.00000000000000000e+00,        +0.00000000000000000e+00,        +0.00000000000000000e+00,        +0.00000000000000000e+00,        +0.00000000000000000e+00,        +0.00000000000000000e+00,        +0.00000000000000000e+00,        +0.00000000000000000e+00,        +0.00000000000000000e+00,        +0.00000000000000000e+00,        +0.00000000000000000e+00,        +0.00000000000000000e+00,        +0.00000000000000000e+00,        +0.00000000000000000e+00,        +0.00000000000000000e+00,        +0.00000000000000000e+00,        +0.00000000000000000e+00,        +0.00000000000000000e+00,        +0.00000000000000000e+00,        +0.00000000000000000e+00,        +0.00000000000000000e+00,        +0.00000000000000000e+00,        +0.00000000000000000e+00,        +0.00000000000000000e+00,        +1.00000000000000000e+00,        +0.00000000000000000e+00,        +0.00000000000000000e+00,        +0.00000000000000000e+00,        +0.00000000000000000e+00,        +0.00000000000000000e+00,        +0.00000000000000000e+00,        +0.00000000000000000e+00,        +0.00000000000000000e+00,        +0.00000000000000000e+00,        +0.00000000000000000e+00,        +0.00000000000000000e+00,        +0.00000000000000000e+00,        +0.00000000000000000e+00,        +0.00000000000000000e+00,        +0.00000000000000000e+00,        +0.00000000000000000e+00,        +0.00000000000000000e+00,        +0.00000000000000000e+00,        +0.00000000000000000e+00,        +0.00000000000000000e+00,        +0.00000000000000000e+00,        +0.00000000000000000e+00,        +0.00000000000000000e+00,        +0.00000000000000000e+00,        +0.00000000000000000e+00,        +0.00000000000000000e+00,        +0.00000000000000000e+00,        +0.00000000000000000e+00,        +0.00000000000000000e+00,        +0.00000000000000000e+00,        +0.00000000000000000e+00,        +0.00000000000000000e+00,        +0.00000000000000000e+00,        +0.00000000000000000e+00,        +0.00000000000000000e+00,        +0.00000000000000000e+00,        +0.00000000000000000e+00,        +0.00000000000000000e+00,        +0.00000000000000000e+00,        +0.00000000000000000e+00,        +0.00000000000000000e+00,        +0.00000000000000000e+00,        +0.00000000000000000e+00,        +0.00000000000000000e+00,        +0.00000000000000000e+00,        +0.00000000000000000e+00,        +0.00000000000000000e+00,        +0.00000000000000000e+00,        +0.00000000000000000e+00,        +0.00000000000000000e+00,        +0.00000000000000000e+00,        +0.00000000000000000e+00,        +0.00000000000000000e+00,        +0.00000000000000000e+00,        +0.00000000000000000e+00,        +0.00000000000000000e+00,        +0.00000000000000000e+00,        +0.00000000000000000e+00,        +0.00000000000000000e+00,        +0.00000000000000000e+00
        +0.00000000000000000e+00,        +0.00000000000000000e+00,        +0.00000000000000000e+00,        +0.00000000000000000e+00,        +0.00000000000000000e+00,        +0.00000000000000000e+00,        +0.00000000000000000e+00,        +0.00000000000000000e+00,        +0.00000000000000000e+00,        +0.00000000000000000e+00,        +0.00000000000000000e+00,        +0.00000000000000000e+00,        +0.00000000000000000e+00,        +0.00000000000000000e+00,        +0.00000000000000000e+00,        +0.00000000000000000e+00,        +0.00000000000000000e+00,        +0.00000000000000000e+00,        +0.00000000000000000e+00,        +0.00000000000000000e+00,        +0.00000000000000000e+00,        +0.00000000000000000e+00,        +0.00000000000000000e+00,        +0.00000000000000000e+00,        +0.00000000000000000e+00,        +0.00000000000000000e+00,        +0.00000000000000000e+00,        +0.00000000000000000e+00,        +0.00000000000000000e+00,        +0.00000000000000000e+00,        +0.00000000000000000e+00,        +0.00000000000000000e+00,        +0.00000000000000000e+00,        +0.00000000000000000e+00,        +0.00000000000000000e+00,        +0.00000000000000000e+00,        +0.00000000000000000e+00,        +0.00000000000000000e+00,        +0.00000000000000000e+00,        +0.00000000000000000e+00,        +0.00000000000000000e+00,        +0.00000000000000000e+00,        +0.00000000000000000e+00,        +0.00000000000000000e+00,        +0.00000000000000000e+00,        +0.00000000000000000e+00,        +0.00000000000000000e+00,        +0.00000000000000000e+00,        +1.00000000000000000e+00,        +0.00000000000000000e+00,        +0.00000000000000000e+00,        +0.00000000000000000e+00,        +0.00000000000000000e+00,        +0.00000000000000000e+00,        +0.00000000000000000e+00,        +0.00000000000000000e+00,        +0.00000000000000000e+00,        +0.00000000000000000e+00,        +0.00000000000000000e+00,        +0.00000000000000000e+00,        +0.00000000000000000e+00,        +0.00000000000000000e+00,        +0.00000000000000000e+00,        +0.00000000000000000e+00,        +0.00000000000000000e+00,        +0.00000000000000000e+00,        +0.00000000000000000e+00,        +0.00000000000000000e+00,        +0.00000000000000000e+00,        +0.00000000000000000e+00,        +0.00000000000000000e+00,        +0.00000000000000000e+00,        +0.00000000000000000e+00,        +0.00000000000000000e+00,        +0.00000000000000000e+00,        +0.00000000000000000e+00,        +0.00000000000000000e+00,        +0.00000000000000000e+00,        +0.00000000000000000e+00,        +0.00000000000000000e+00,        +0.00000000000000000e+00,        +0.00000000000000000e+00,        +0.00000000000000000e+00,        +0.00000000000000000e+00,        +0.00000000000000000e+00,        +0.00000000000000000e+00,        +0.00000000000000000e+00,        +0.00000000000000000e+00,        +0.00000000000000000e+00,        +0.00000000000000000e+00,        +0.00000000000000000e+00,        +0.00000000000000000e+00,        +0.00000000000000000e+00,        +0.00000000000000000e+00,        +0.00000000000000000e+00,        +0.00000000000000000e+00,        +0.00000000000000000e+00,        +0.00000000000000000e+00,        +0.00000000000000000e+00,        +0.00000000000000000e+00,        +0.00000000000000000e+00,        +0.00000000000000000e+00,        +0.00000000000000000e+00,        +0.00000000000000000e+00,        +0.00000000000000000e+00,        +0.00000000000000000e+00,        +0.00000000000000000e+00,        +0.00000000000000000e+00
        +0.00000000000000000e+00,        +0.00000000000000000e+00,        +0.00000000000000000e+00,        +0.00000000000000000e+00,        +0.00000000000000000e+00,        +0.00000000000000000e+00,        +0.00000000000000000e+00,        +0.00000000000000000e+00,        +0.00000000000000000e+00,        +0.00000000000000000e+00,        +0.00000000000000000e+00,        +0.00000000000000000e+00,        +0.00000000000000000e+00,        +0.00000000000000000e+00,        +0.00000000000000000e+00,        +0.00000000000000000e+00,        +0.00000000000000000e+00,        +0.00000000000000000e+00,        +0.00000000000000000e+00,        +0.00000000000000000e+00,        +0.00000000000000000e+00,        +0.00000000000000000e+00,        +0.00000000000000000e+00,        +0.00000000000000000e+00,        +0.00000000000000000e+00,        +0.00000000000000000e+00,        +0.00000000000000000e+00,        +0.00000000000000000e+00,        +0.00000000000000000e+00,        +0.00000000000000000e+00,        +0.00000000000000000e+00,        +0.00000000000000000e+00,        +0.00000000000000000e+00,        +0.00000000000000000e+00,        +0.00000000000000000e+00,        +0.00000000000000000e+00,        +0.00000000000000000e+00,        +0.00000000000000000e+00,        +0.00000000000000000e+00,        +0.00000000000000000e+00,        +0.00000000000000000e+00,        +0.00000000000000000e+00,        +0.00000000000000000e+00,        +0.00000000000000000e+00,        +0.00000000000000000e+00,        +0.00000000000000000e+00,        +0.00000000000000000e+00,        +0.00000000000000000e+00,        +0.00000000000000000e+00,        +1.00000000000000000e+00,        +0.00000000000000000e+00,        +0.00000000000000000e+00,        +0.00000000000000000e+00,        +0.00000000000000000e+00,        +0.00000000000000000e+00,        +0.00000000000000000e+00,        +0.00000000000000000e+00,        +0.00000000000000000e+00,        +0.00000000000000000e+00,        +0.00000000000000000e+00,        +0.00000000000000000e+00,        +0.00000000000000000e+00,        +0.00000000000000000e+00,        +0.00000000000000000e+00,        +0.00000000000000000e+00,        +0.00000000000000000e+00,        +0.00000000000000000e+00,        +0.00000000000000000e+00,        +0.00000000000000000e+00,        +0.00000000000000000e+00,        +0.00000000000000000e+00,        +0.00000000000000000e+00,        +0.00000000000000000e+00,        +0.00000000000000000e+00,        +0.00000000000000000e+00,        +0.00000000000000000e+00,        +0.00000000000000000e+00,        +0.00000000000000000e+00,        +0.00000000000000000e+00,        +0.00000000000000000e+00,        +0.00000000000000000e+00,        +0.00000000000000000e+00,        +0.00000000000000000e+00,        +0.00000000000000000e+00,        +0.00000000000000000e+00,        +0.00000000000000000e+00,        +0.00000000000000000e+00,        +0.00000000000000000e+00,        +0.00000000000000000e+00,        +0.00000000000000000e+00,        +0.00000000000000000e+00,        +0.00000000000000000e+00,        +0.00000000000000000e+00,        +0.00000000000000000e+00,        +0.00000000000000000e+00,        +0.00000000000000000e+00,        +0.00000000000000000e+00,        +0.00000000000000000e+00,        +0.00000000000000000e+00,        +0.00000000000000000e+00,        +0.00000000000000000e+00,        +0.00000000000000000e+00,        +0.00000000000000000e+00,        +0.00000000000000000e+00,        +0.00000000000000000e+00,        +0.00000000000000000e+00,        +0.00000000000000000e+00,        +0.00000000000000000e+00
        +0.00000000000000000e+00,        +0.00000000000000000e+00,        +0.00000000000000000e+00,        +0.00000000000000000e+00,        +0.00000000000000000e+00,        +0.00000000000000000e+00,        +0.00000000000000000e+00,        +0.00000000000000000e+00,        +0.00000000000000000e+00,        +0.00000000000000000e+00,        +0.00000000000000000e+00,        +0.00000000000000000e+00,        +0.00000000000000000e+00,        +0.00000000000000000e+00,        +0.00000000000000000e+00,        +0.00000000000000000e+00,        +0.00000000000000000e+00,        +0.00000000000000000e+00,        +0.00000000000000000e+00,        +0.00000000000000000e+00,        +0.00000000000000000e+00,        +0.00000000000000000e+00,        +0.00000000000000000e+00,        +0.00000000000000000e+00,        +0.00000000000000000e+00,        +0.00000000000000000e+00,        +0.00000000000000000e+00,        +0.00000000000000000e+00,        +0.00000000000000000e+00,        +0.00000000000000000e+00,        +0.00000000000000000e+00,        +0.00000000000000000e+00,        +0.00000000000000000e+00,        +0.00000000000000000e+00,        +0.00000000000000000e+00,        +0.00000000000000000e+00,        +0.00000000000000000e+00,        +0.00000000000000000e+00,        +0.00000000000000000e+00,        +0.00000000000000000e+00,        +0.00000000000000000e+00,        +0.00000000000000000e+00,        +0.00000000000000000e+00,        +0.00000000000000000e+00,        +0.00000000000000000e+00,        +0.00000000000000000e+00,        +0.00000000000000000e+00,        +0.00000000000000000e+00,        +0.00000000000000000e+00,        +0.00000000000000000e+00,        +1.00000000000000000e+00,        +0.00000000000000000e+00,        +0.00000000000000000e+00,        +0.00000000000000000e+00,        +0.00000000000000000e+00,        +0.00000000000000000e+00,        +0.00000000000000000e+00,        +0.00000000000000000e+00,        +0.00000000000000000e+00,        +0.00000000000000000e+00,        +0.00000000000000000e+00,        +0.00000000000000000e+00,        +0.00000000000000000e+00,        +0.00000000000000000e+00,        +0.00000000000000000e+00,        +0.00000000000000000e+00,        +0.00000000000000000e+00,        +0.00000000000000000e+00,        +0.00000000000000000e+00,        +0.00000000000000000e+00,        +0.00000000000000000e+00,        +0.00000000000000000e+00,        +0.00000000000000000e+00,        +0.00000000000000000e+00,        +0.00000000000000000e+00,        +0.00000000000000000e+00,        +0.00000000000000000e+00,        +0.00000000000000000e+00,        +0.00000000000000000e+00,        +0.00000000000000000e+00,        +0.00000000000000000e+00,        +0.00000000000000000e+00,        +0.00000000000000000e+00,        +0.00000000000000000e+00,        +0.00000000000000000e+00,        +0.00000000000000000e+00,        +0.00000000000000000e+00,        +0.00000000000000000e+00,        +0.00000000000000000e+00,        +0.00000000000000000e+00,        +0.00000000000000000e+00,        +0.00000000000000000e+00,        +0.00000000000000000e+00,        +0.00000000000000000e+00,        +0.00000000000000000e+00,        +0.00000000000000000e+00,        +0.00000000000000000e+00,        +0.00000000000000000e+00,        +0.00000000000000000e+00,        +0.00000000000000000e+00,        +0.00000000000000000e+00,        +0.00000000000000000e+00,        +0.00000000000000000e+00,        +0.00000000000000000e+00,        +0.00000000000000000e+00,        +0.00000000000000000e+00,        +0.00000000000000000e+00,        +0.00000000000000000e+00
        +0.00000000000000000e+00,        +0.00000000000000000e+00,        +0.00000000000000000e+00,        +0.00000000000000000e+00,        +0.00000000000000000e+00,        +0.00000000000000000e+00,        +0.00000000000000000e+00,        +0.00000000000000000e+00,        +0.00000000000000000e+00,        +0.00000000000000000e+00,        +0.00000000000000000e+00,        +0.00000000000000000e+00,        +0.00000000000000000e+00,        +0.00000000000000000e+00,        +0.00000000000000000e+00,        +0.00000000000000000e+00,        +0.00000000000000000e+00,        +0.00000000000000000e+00,        +0.00000000000000000e+00,        +0.00000000000000000e+00,        +0.00000000000000000e+00,        +0.00000000000000000e+00,        +0.00000000000000000e+00,        +0.00000000000000000e+00,        +0.00000000000000000e+00,        +0.00000000000000000e+00,        +0.00000000000000000e+00,        +0.00000000000000000e+00,        +0.00000000000000000e+00,        +0.00000000000000000e+00,        +0.00000000000000000e+00,        +0.00000000000000000e+00,        +0.00000000000000000e+00,        +0.00000000000000000e+00,        +0.00000000000000000e+00,        +0.00000000000000000e+00,        +0.00000000000000000e+00,        +0.00000000000000000e+00,        +0.00000000000000000e+00,        +0.00000000000000000e+00,        +0.00000000000000000e+00,        +0.00000000000000000e+00,        +0.00000000000000000e+00,        +0.00000000000000000e+00,        +0.00000000000000000e+00,        +0.00000000000000000e+00,        +0.00000000000000000e+00,        +0.00000000000000000e+00,        +0.00000000000000000e+00,        +0.00000000000000000e+00,        +0.00000000000000000e+00,        +1.00000000000000000e+00,        +0.00000000000000000e+00,        +0.00000000000000000e+00,        +0.00000000000000000e+00,        +0.00000000000000000e+00,        +0.00000000000000000e+00,        +0.00000000000000000e+00,        +0.00000000000000000e+00,        +0.00000000000000000e+00,        +0.00000000000000000e+00,        +0.00000000000000000e+00,        +0.00000000000000000e+00,        +0.00000000000000000e+00,        +0.00000000000000000e+00,        +0.00000000000000000e+00,        +0.00000000000000000e+00,        +0.00000000000000000e+00,        +0.00000000000000000e+00,        +0.00000000000000000e+00,        +0.00000000000000000e+00,        +0.00000000000000000e+00,        +0.00000000000000000e+00,        +0.00000000000000000e+00,        +0.00000000000000000e+00,        +0.00000000000000000e+00,        +0.00000000000000000e+00,        +0.00000000000000000e+00,        +0.00000000000000000e+00,        +0.00000000000000000e+00,        +0.00000000000000000e+00,        +0.00000000000000000e+00,        +0.00000000000000000e+00,        +0.00000000000000000e+00,        +0.00000000000000000e+00,        +0.00000000000000000e+00,        +0.00000000000000000e+00,        +0.00000000000000000e+00,        +0.00000000000000000e+00,        +0.00000000000000000e+00,        +0.00000000000000000e+00,        +0.00000000000000000e+00,        +0.00000000000000000e+00,        +0.00000000000000000e+00,        +0.00000000000000000e+00,        +0.00000000000000000e+00,        +0.00000000000000000e+00,        +0.00000000000000000e+00,        +0.00000000000000000e+00,        +0.00000000000000000e+00,        +0.00000000000000000e+00,        +0.00000000000000000e+00,        +0.00000000000000000e+00,        +0.00000000000000000e+00,        +0.00000000000000000e+00,        +0.00000000000000000e+00,        +0.00000000000000000e+00,        +0.00000000000000000e+00
        +0.00000000000000000e+00,        +0.00000000000000000e+00,        +0.00000000000000000e+00,        +0.00000000000000000e+00,        +0.00000000000000000e+00,        +0.00000000000000000e+00,        +0.00000000000000000e+00,        +0.00000000000000000e+00,        +0.00000000000000000e+00,        +0.00000000000000000e+00,        +0.00000000000000000e+00,        +0.00000000000000000e+00,        +0.00000000000000000e+00,        +0.00000000000000000e+00,        +0.00000000000000000e+00,        +0.00000000000000000e+00,        +0.00000000000000000e+00,        +0.00000000000000000e+00,        +0.00000000000000000e+00,        +0.00000000000000000e+00,        +0.00000000000000000e+00,        +0.00000000000000000e+00,        +0.00000000000000000e+00,        +0.00000000000000000e+00,        +0.00000000000000000e+00,        +0.00000000000000000e+00,        +0.00000000000000000e+00,        +0.00000000000000000e+00,        +0.00000000000000000e+00,        +0.00000000000000000e+00,        +0.00000000000000000e+00,        +0.00000000000000000e+00,        +0.00000000000000000e+00,        +0.00000000000000000e+00,        +0.00000000000000000e+00,        +0.00000000000000000e+00,        +0.00000000000000000e+00,        +0.00000000000000000e+00,        +0.00000000000000000e+00,        +0.00000000000000000e+00,        +0.00000000000000000e+00,        +0.00000000000000000e+00,        +0.00000000000000000e+00,        +0.00000000000000000e+00,        +0.00000000000000000e+00,        +0.00000000000000000e+00,        +0.00000000000000000e+00,        +0.00000000000000000e+00,        +0.00000000000000000e+00,        +0.00000000000000000e+00,        +0.00000000000000000e+00,        +0.00000000000000000e+00,        +1.00000000000000000e+00,        +0.00000000000000000e+00,        +0.00000000000000000e+00,        +0.00000000000000000e+00,        +0.00000000000000000e+00,        +0.00000000000000000e+00,        +0.00000000000000000e+00,        +0.00000000000000000e+00,        +0.00000000000000000e+00,        +0.00000000000000000e+00,        +0.00000000000000000e+00,        +0.00000000000000000e+00,        +0.00000000000000000e+00,        +0.00000000000000000e+00,        +0.00000000000000000e+00,        +0.00000000000000000e+00,        +0.00000000000000000e+00,        +0.00000000000000000e+00,        +0.00000000000000000e+00,        +0.00000000000000000e+00,        +0.00000000000000000e+00,        +0.00000000000000000e+00,        +0.00000000000000000e+00,        +0.00000000000000000e+00,        +0.00000000000000000e+00,        +0.00000000000000000e+00,        +0.00000000000000000e+00,        +0.00000000000000000e+00,        +0.00000000000000000e+00,        +0.00000000000000000e+00,        +0.00000000000000000e+00,        +0.00000000000000000e+00,        +0.00000000000000000e+00,        +0.00000000000000000e+00,        +0.00000000000000000e+00,        +0.00000000000000000e+00,        +0.00000000000000000e+00,        +0.00000000000000000e+00,        +0.00000000000000000e+00,        +0.00000000000000000e+00,        +0.00000000000000000e+00,        +0.00000000000000000e+00,        +0.00000000000000000e+00,        +0.00000000000000000e+00,        +0.00000000000000000e+00,        +0.00000000000000000e+00,        +0.00000000000000000e+00,        +0.00000000000000000e+00,        +0.00000000000000000e+00,        +0.00000000000000000e+00,        +0.00000000000000000e+00,        +0.00000000000000000e+00,        +0.00000000000000000e+00,        +0.00000000000000000e+00,        +0.00000000000000000e+00,        +0.00000000000000000e+00
        +0.00000000000000000e+00,        +0.00000000000000000e+00,        +0.00000000000000000e+00,        +0.00000000000000000e+00,        +0.00000000000000000e+00,        +0.00000000000000000e+00,        +0.00000000000000000e+00,        +0.00000000000000000e+00,        +0.00000000000000000e+00,        +0.00000000000000000e+00,        +0.00000000000000000e+00,        +0.00000000000000000e+00,        +0.00000000000000000e+00,        +0.00000000000000000e+00,        +0.00000000000000000e+00,        +0.00000000000000000e+00,        +0.00000000000000000e+00,        +0.00000000000000000e+00,        +0.00000000000000000e+00,        +0.00000000000000000e+00,        +0.00000000000000000e+00,        +0.00000000000000000e+00,        +0.00000000000000000e+00,        +0.00000000000000000e+00,        +0.00000000000000000e+00,        +0.00000000000000000e+00,        +0.00000000000000000e+00,        +0.00000000000000000e+00,        +0.00000000000000000e+00,        +0.00000000000000000e+00,        +0.00000000000000000e+00,        +0.00000000000000000e+00,        +0.00000000000000000e+00,        +0.00000000000000000e+00,        +0.00000000000000000e+00,        +0.00000000000000000e+00,        +0.00000000000000000e+00,        +0.00000000000000000e+00,        +0.00000000000000000e+00,        +0.00000000000000000e+00,        +0.00000000000000000e+00,        +0.00000000000000000e+00,        +0.00000000000000000e+00,        +0.00000000000000000e+00,        +0.00000000000000000e+00,        +0.00000000000000000e+00,        +0.00000000000000000e+00,        +0.00000000000000000e+00,        +0.00000000000000000e+00,        +0.00000000000000000e+00,        +0.00000000000000000e+00,        +0.00000000000000000e+00,        +0.00000000000000000e+00,        +1.00000000000000000e+00,        +0.00000000000000000e+00,        +0.00000000000000000e+00,        +0.00000000000000000e+00,        +0.00000000000000000e+00,        +0.00000000000000000e+00,        +0.00000000000000000e+00,        +0.00000000000000000e+00,        +0.00000000000000000e+00,        +0.00000000000000000e+00,        +0.00000000000000000e+00,        +0.00000000000000000e+00,        +0.00000000000000000e+00,        +0.00000000000000000e+00,        +0.00000000000000000e+00,        +0.00000000000000000e+00,        +0.00000000000000000e+00,        +0.00000000000000000e+00,        +0.00000000000000000e+00,        +0.00000000000000000e+00,        +0.00000000000000000e+00,        +0.00000000000000000e+00,        +0.00000000000000000e+00,        +0.00000000000000000e+00,        +0.00000000000000000e+00,        +0.00000000000000000e+00,        +0.00000000000000000e+00,        +0.00000000000000000e+00,        +0.00000000000000000e+00,        +0.00000000000000000e+00,        +0.00000000000000000e+00,        +0.00000000000000000e+00,        +0.00000000000000000e+00,        +0.00000000000000000e+00,        +0.00000000000000000e+00,        +0.00000000000000000e+00,        +0.00000000000000000e+00,        +0.00000000000000000e+00,        +0.00000000000000000e+00,        +0.00000000000000000e+00,        +0.00000000000000000e+00,        +0.00000000000000000e+00,        +0.00000000000000000e+00,        +0.00000000000000000e+00,        +0.00000000000000000e+00,        +0.00000000000000000e+00,        +0.00000000000000000e+00,        +0.00000000000000000e+00,        +0.00000000000000000e+00,        +0.00000000000000000e+00,        +0.00000000000000000e+00,        +0.00000000000000000e+00,        +0.00000000000000000e+00,        +0.00000000000000000e+00,        +0.00000000000000000e+00
        +0.00000000000000000e+00,        +0.00000000000000000e+00,        +0.00000000000000000e+00,        +0.00000000000000000e+00,        +0.00000000000000000e+00,        +0.00000000000000000e+00,        +0.00000000000000000e+00,        +0.00000000000000000e+00,        +0.00000000000000000e+00,        +0.00000000000000000e+00,        +0.00000000000000000e+00,        +0.00000000000000000e+00,        +0.00000000000000000e+00,        +0.00000000000000000e+00,        +0.00000000000000000e+00,        +0.00000000000000000e+00,        +0.00000000000000000e+00,        +0.00000000000000000e+00,        +0.00000000000000000e+00,        +0.00000000000000000e+00,        +0.00000000000000000e+00,        +0.00000000000000000e+00,        +0.00000000000000000e+00,        +0.00000000000000000e+00,        +0.00000000000000000e+00,        +0.00000000000000000e+00,        +0.00000000000000000e+00,        +0.00000000000000000e+00,        +0.00000000000000000e+00,        +0.00000000000000000e+00,        +0.00000000000000000e+00,        +0.00000000000000000e+00,        +0.00000000000000000e+00,        +0.00000000000000000e+00,        +0.00000000000000000e+00,        +0.00000000000000000e+00,        +0.00000000000000000e+00,        +0.00000000000000000e+00,        +0.00000000000000000e+00,        +0.00000000000000000e+00,        +0.00000000000000000e+00,        +0.00000000000000000e+00,        +0.00000000000000000e+00,        +0.00000000000000000e+00,        +0.00000000000000000e+00,        +0.00000000000000000e+00,        +0.00000000000000000e+00,        +0.00000000000000000e+00,        +0.00000000000000000e+00,        +0.00000000000000000e+00,        +0.00000000000000000e+00,        +0.00000000000000000e+00,        +0.00000000000000000e+00,        +0.00000000000000000e+00,        +1.00000000000000000e+00,        +0.00000000000000000e+00,        +0.00000000000000000e+00,        +0.00000000000000000e+00,        +0.00000000000000000e+00,        +0.00000000000000000e+00,        +0.00000000000000000e+00,        +0.00000000000000000e+00,        +0.00000000000000000e+00,        +0.00000000000000000e+00,        +0.00000000000000000e+00,        +0.00000000000000000e+00,        +0.00000000000000000e+00,        +0.00000000000000000e+00,        +0.00000000000000000e+00,        +0.00000000000000000e+00,        +0.00000000000000000e+00,        +0.00000000000000000e+00,        +0.00000000000000000e+00,        +0.00000000000000000e+00,        +0.00000000000000000e+00,        +0.00000000000000000e+00,        +0.00000000000000000e+00,        +0.00000000000000000e+00,        +0.00000000000000000e+00,        +0.00000000000000000e+00,        +0.00000000000000000e+00,        +0.00000000000000000e+00,        +0.00000000000000000e+00,        +0.00000000000000000e+00,        +0.00000000000000000e+00,        +0.00000000000000000e+00,        +0.00000000000000000e+00,        +0.00000000000000000e+00,        +0.00000000000000000e+00,        +0.00000000000000000e+00,        +0.00000000000000000e+00,        +0.00000000000000000e+00,        +0.00000000000000000e+00,        +0.00000000000000000e+00,        +0.00000000000000000e+00,        +0.00000000000000000e+00,        +0.00000000000000000e+00,        +0.00000000000000000e+00,        +0.00000000000000000e+00,        +0.00000000000000000e+00,        +0.00000000000000000e+00,        +0.00000000000000000e+00,        +0.00000000000000000e+00,        +0.00000000000000000e+00,        +0.00000000000000000e+00,        +0.00000000000000000e+00,        +0.00000000000000000e+00,        +0.00000000000000000e+00
        +0.00000000000000000e+00,        +0.00000000000000000e+00,        +0.00000000000000000e+00,        +0.00000000000000000e+00,        +0.00000000000000000e+00,        +0.00000000000000000e+00,        +0.00000000000000000e+00,        +0.00000000000000000e+00,        +0.00000000000000000e+00,        +0.00000000000000000e+00,        +0.00000000000000000e+00,        +0.00000000000000000e+00,        +0.00000000000000000e+00,        +0.00000000000000000e+00,        +0.00000000000000000e+00,        +0.00000000000000000e+00,        +0.00000000000000000e+00,        +0.00000000000000000e+00,        +0.00000000000000000e+00,        +0.00000000000000000e+00,        +0.00000000000000000e+00,        +0.00000000000000000e+00,        +0.00000000000000000e+00,        +0.00000000000000000e+00,        +0.00000000000000000e+00,        +0.00000000000000000e+00,        +0.00000000000000000e+00,        +0.00000000000000000e+00,        +0.00000000000000000e+00,        +0.00000000000000000e+00,        +0.00000000000000000e+00,        +0.00000000000000000e+00,        +0.00000000000000000e+00,        +0.00000000000000000e+00,        +0.00000000000000000e+00,        +0.00000000000000000e+00,        +0.00000000000000000e+00,        +0.00000000000000000e+00,        +0.00000000000000000e+00,        +0.00000000000000000e+00,        +0.00000000000000000e+00,        +0.00000000000000000e+00,        +0.00000000000000000e+00,        +0.00000000000000000e+00,        +0.00000000000000000e+00,        +0.00000000000000000e+00,        +0.00000000000000000e+00,        +0.00000000000000000e+00,        +0.00000000000000000e+00,        +0.00000000000000000e+00,        +0.00000000000000000e+00,        +0.00000000000000000e+00,        +0.00000000000000000e+00,        +0.00000000000000000e+00,        +0.00000000000000000e+00,        +1.00000000000000000e+00,        +0.00000000000000000e+00,        +0.00000000000000000e+00,        +0.00000000000000000e+00,        +0.00000000000000000e+00,        +0.00000000000000000e+00,        +0.00000000000000000e+00,        +0.00000000000000000e+00,        +0.00000000000000000e+00,        +0.00000000000000000e+00,        +0.00000000000000000e+00,        +0.00000000000000000e+00,        +0.00000000000000000e+00,        +0.00000000000000000e+00,        +0.00000000000000000e+00,        +0.00000000000000000e+00,        +0.00000000000000000e+00,        +0.00000000000000000e+00,        +0.00000000000000000e+00,        +0.00000000000000000e+00,        +0.00000000000000000e+00,        +0.00000000000000000e+00,        +0.00000000000000000e+00,        +0.00000000000000000e+00,        +0.00000000000000000e+00,        +0.00000000000000000e+00,        +0.00000000000000000e+00,        +0.00000000000000000e+00,        +0.00000000000000000e+00,        +0.00000000000000000e+00,        +0.00000000000000000e+00,        +0.00000000000000000e+00,        +0.00000000000000000e+00,        +0.00000000000000000e+00,        +0.00000000000000000e+00,        +0.00000000000000000e+00,        +0.00000000000000000e+00,        +0.00000000000000000e+00,        +0.00000000000000000e+00,        +0.00000000000000000e+00,        +0.00000000000000000e+00,        +0.00000000000000000e+00,        +0.00000000000000000e+00,        +0.00000000000000000e+00,        +0.00000000000000000e+00,        +0.00000000000000000e+00,        +0.00000000000000000e+00,        +0.00000000000000000e+00,        +0.00000000000000000e+00,        +0.00000000000000000e+00,        +0.00000000000000000e+00,        +0.00000000000000000e+00,        +0.00000000000000000e+00
        +0.00000000000000000e+00,        +0.00000000000000000e+00,        +0.00000000000000000e+00,        +0.00000000000000000e+00,        +0.00000000000000000e+00,        +0.00000000000000000e+00,        +0.00000000000000000e+00,        +0.00000000000000000e+00,        +0.00000000000000000e+00,        +0.00000000000000000e+00,        +0.00000000000000000e+00,        +0.00000000000000000e+00,        +0.00000000000000000e+00,        +0.00000000000000000e+00,        +0.00000000000000000e+00,        +0.00000000000000000e+00,        +0.00000000000000000e+00,        +0.00000000000000000e+00,        +0.00000000000000000e+00,        +0.00000000000000000e+00,        +0.00000000000000000e+00,        +0.00000000000000000e+00,        +0.00000000000000000e+00,        +0.00000000000000000e+00,        +0.00000000000000000e+00,        +0.00000000000000000e+00,        +0.00000000000000000e+00,        +0.00000000000000000e+00,        +0.00000000000000000e+00,        +0.00000000000000000e+00,        +0.00000000000000000e+00,        +0.00000000000000000e+00,        +0.00000000000000000e+00,        +0.00000000000000000e+00,        +0.00000000000000000e+00,        +0.00000000000000000e+00,        +0.00000000000000000e+00,        +0.00000000000000000e+00,        +0.00000000000000000e+00,        +0.00000000000000000e+00,        +0.00000000000000000e+00,        +0.00000000000000000e+00,        +0.00000000000000000e+00,        +0.00000000000000000e+00,        +0.00000000000000000e+00,        +0.00000000000000000e+00,        +0.00000000000000000e+00,        +0.00000000000000000e+00,        +0.00000000000000000e+00,        +0.00000000000000000e+00,        +0.00000000000000000e+00,        +0.00000000000000000e+00,        +0.00000000000000000e+00,        +0.00000000000000000e+00,        +0.00000000000000000e+00,        +0.00000000000000000e+00,        +1.00000000000000000e+00,        +0.00000000000000000e+00,        +0.00000000000000000e+00,        +0.00000000000000000e+00,        +0.00000000000000000e+00,        +0.00000000000000000e+00,        +0.00000000000000000e+00,        +0.00000000000000000e+00,        +0.00000000000000000e+00,        +0.00000000000000000e+00,        +0.00000000000000000e+00,        +0.00000000000000000e+00,        +0.00000000000000000e+00,        +0.00000000000000000e+00,        +0.00000000000000000e+00,        +0.00000000000000000e+00,        +0.00000000000000000e+00,        +0.00000000000000000e+00,        +0.00000000000000000e+00,        +0.00000000000000000e+00,        +0.00000000000000000e+00,        +0.00000000000000000e+00,        +0.00000000000000000e+00,        +0.00000000000000000e+00,        +0.00000000000000000e+00,        +0.00000000000000000e+00,        +0.00000000000000000e+00,        +0.00000000000000000e+00,        +0.00000000000000000e+00,        +0.00000000000000000e+00,        +0.00000000000000000e+00,        +0.00000000000000000e+00,        +0.00000000000000000e+00,        +0.00000000000000000e+00,        +0.00000000000000000e+00,        +0.00000000000000000e+00,        +0.00000000000000000e+00,        +0.00000000000000000e+00,        +0.00000000000000000e+00,        +0.00000000000000000e+00,        +0.00000000000000000e+00,        +0.00000000000000000e+00,        +0.00000000000000000e+00,        +0.00000000000000000e+00,        +0.00000000000000000e+00,        +0.00000000000000000e+00,        +0.00000000000000000e+00,        +0.00000000000000000e+00,        +0.00000000000000000e+00,        +0.00000000000000000e+00,        +0.00000000000000000e+00,        +0.00000000000000000e+00
        +0.00000000000000000e+00,        +0.00000000000000000e+00,        +0.00000000000000000e+00,        +0.00000000000000000e+00,        +0.00000000000000000e+00,        +0.00000000000000000e+00,        +0.00000000000000000e+00,        +0.00000000000000000e+00,        +0.00000000000000000e+00,        +0.00000000000000000e+00,        +0.00000000000000000e+00,        +0.00000000000000000e+00,        +0.00000000000000000e+00,        +0.00000000000000000e+00,        +0.00000000000000000e+00,        +0.00000000000000000e+00,        +0.00000000000000000e+00,        +0.00000000000000000e+00,        +0.00000000000000000e+00,        +0.00000000000000000e+00,        +0.00000000000000000e+00,        +0.00000000000000000e+00,        +0.00000000000000000e+00,        +0.00000000000000000e+00,        +0.00000000000000000e+00,        +0.00000000000000000e+00,        +0.00000000000000000e+00,        +0.00000000000000000e+00,        +0.00000000000000000e+00,        +0.00000000000000000e+00,        +0.00000000000000000e+00,        +0.00000000000000000e+00,        +0.00000000000000000e+00,        +0.00000000000000000e+00,        +0.00000000000000000e+00,        +0.00000000000000000e+00,        +0.00000000000000000e+00,        +0.00000000000000000e+00,        +0.00000000000000000e+00,        +0.00000000000000000e+00,        +0.00000000000000000e+00,        +0.00000000000000000e+00,        +0.00000000000000000e+00,        +0.00000000000000000e+00,        +0.00000000000000000e+00,        +0.00000000000000000e+00,        +0.00000000000000000e+00,        +0.00000000000000000e+00,        +0.00000000000000000e+00,        +0.00000000000000000e+00,        +0.00000000000000000e+00,        +0.00000000000000000e+00,        +0.00000000000000000e+00,        +0.00000000000000000e+00,        +0.00000000000000000e+00,        +0.00000000000000000e+00,        +0.00000000000000000e+00,        +1.00000000000000000e+00,        +0.00000000000000000e+00,        +0.00000000000000000e+00,        +0.00000000000000000e+00,        +0.00000000000000000e+00,        +0.00000000000000000e+00,        +0.00000000000000000e+00,        +0.00000000000000000e+00,        +0.00000000000000000e+00,        +0.00000000000000000e+00,        +0.00000000000000000e+00,        +0.00000000000000000e+00,        +0.00000000000000000e+00,        +0.00000000000000000e+00,        +0.00000000000000000e+00,        +0.00000000000000000e+00,        +0.00000000000000000e+00,        +0.00000000000000000e+00,        +0.00000000000000000e+00,        +0.00000000000000000e+00,        +0.00000000000000000e+00,        +0.00000000000000000e+00,        +0.00000000000000000e+00,        +0.00000000000000000e+00,        +0.00000000000000000e+00,        +0.00000000000000000e+00,        +0.00000000000000000e+00,        +0.00000000000000000e+00,        +0.00000000000000000e+00,        +0.00000000000000000e+00,        +0.00000000000000000e+00,        +0.00000000000000000e+00,        +0.00000000000000000e+00,        +0.00000000000000000e+00,        +0.00000000000000000e+00,        +0.00000000000000000e+00,        +0.00000000000000000e+00,        +0.00000000000000000e+00,        +0.00000000000000000e+00,        +0.00000000000000000e+00,        +0.00000000000000000e+00,        +0.00000000000000000e+00,        +0.00000000000000000e+00,        +0.00000000000000000e+00,        +0.00000000000000000e+00,        +0.00000000000000000e+00,        +0.00000000000000000e+00,        +0.00000000000000000e+00,        +0.00000000000000000e+00,        +0.00000000000000000e+00,        +0.00000000000000000e+00
        +0.00000000000000000e+00,        +0.00000000000000000e+00,        +0.00000000000000000e+00,        +0.00000000000000000e+00,        +0.00000000000000000e+00,        +0.00000000000000000e+00,        +0.00000000000000000e+00,        +0.00000000000000000e+00,        +0.00000000000000000e+00,        +0.00000000000000000e+00,        +0.00000000000000000e+00,        +0.00000000000000000e+00,        +0.00000000000000000e+00,        +0.00000000000000000e+00,        +0.00000000000000000e+00,        +0.00000000000000000e+00,        +0.00000000000000000e+00,        +0.00000000000000000e+00,        +0.00000000000000000e+00,        +0.00000000000000000e+00,        +0.00000000000000000e+00,        +0.00000000000000000e+00,        +0.00000000000000000e+00,        +0.00000000000000000e+00,        +0.00000000000000000e+00,        +0.00000000000000000e+00,        +0.00000000000000000e+00,        +0.00000000000000000e+00,        +0.00000000000000000e+00,        +0.00000000000000000e+00,        +0.00000000000000000e+00,        +0.00000000000000000e+00,        +0.00000000000000000e+00,        +0.00000000000000000e+00,        +0.00000000000000000e+00,        +0.00000000000000000e+00,        +0.00000000000000000e+00,        +0.00000000000000000e+00,        +0.00000000000000000e+00,        +0.00000000000000000e+00,        +0.00000000000000000e+00,        +0.00000000000000000e+00,        +0.00000000000000000e+00,        +0.00000000000000000e+00,        +0.00000000000000000e+00,        +0.00000000000000000e+00,        +0.00000000000000000e+00,        +0.00000000000000000e+00,        +0.00000000000000000e+00,        +0.00000000000000000e+00,        +0.00000000000000000e+00,        +0.00000000000000000e+00,        +0.00000000000000000e+00,        +0.00000000000000000e+00,        +0.00000000000000000e+00,        +0.00000000000000000e+00,        +0.00000000000000000e+00,        +0.00000000000000000e+00,        +1.00000000000000000e+00,        +0.00000000000000000e+00,        +0.00000000000000000e+00,        +0.00000000000000000e+00,        +0.00000000000000000e+00,        +0.00000000000000000e+00,        +0.00000000000000000e+00,        +0.00000000000000000e+00,        +0.00000000000000000e+00,        +0.00000000000000000e+00,        +0.00000000000000000e+00,        +0.00000000000000000e+00,        +0.00000000000000000e+00,        +0.00000000000000000e+00,        +0.00000000000000000e+00,        +0.00000000000000000e+00,        +0.00000000000000000e+00,        +0.00000000000000000e+00,        +0.00000000000000000e+00,        +0.00000000000000000e+00,        +0.00000000000000000e+00,        +0.00000000000000000e+00,        +0.00000000000000000e+00,        +0.00000000000000000e+00,        +0.00000000000000000e+00,        +0.00000000000000000e+00,        +0.00000000000000000e+00,        +0.00000000000000000e+00,        +0.00000000000000000e+00,        +0.00000000000000000e+00,        +0.00000000000000000e+00,        +0.00000000000000000e+00,        +0.00000000000000000e+00,        +0.00000000000000000e+00,        +0.00000000000000000e+00,        +0.00000000000000000e+00,        +0.00000000000000000e+00,        +0.00000000000000000e+00,        +0.00000000000000000e+00,        +0.00000000000000000e+00,        +0.00000000000000000e+00,        +0.00000000000000000e+00,        +0.00000000000000000e+00,        +0.00000000000000000e+00,        +0.00000000000000000e+00,        +0.00000000000000000e+00,        +0.00000000000000000e+00,        +0.00000000000000000e+00,        +0.00000000000000000e+00,        +0.00000000000000000e+00
        +0.00000000000000000e+00,        +0.00000000000000000e+00,        +0.00000000000000000e+00,        +0.00000000000000000e+00,        +0.00000000000000000e+00,        +0.00000000000000000e+00,        +0.00000000000000000e+00,        +0.00000000000000000e+00,        +0.00000000000000000e+00,        +0.00000000000000000e+00,        +0.00000000000000000e+00,        +0.00000000000000000e+00,        +0.00000000000000000e+00,        +0.00000000000000000e+00,        +0.00000000000000000e+00,        +0.00000000000000000e+00,        +0.00000000000000000e+00,        +0.00000000000000000e+00,        +0.00000000000000000e+00,        +0.00000000000000000e+00,        +0.00000000000000000e+00,        +0.00000000000000000e+00,        +0.00000000000000000e+00,        +0.00000000000000000e+00,        +0.00000000000000000e+00,        +0.00000000000000000e+00,        +0.00000000000000000e+00,        +0.00000000000000000e+00,        +0.00000000000000000e+00,        +0.00000000000000000e+00,        +0.00000000000000000e+00,        +0.00000000000000000e+00,        +0.00000000000000000e+00,        +0.00000000000000000e+00,        +0.00000000000000000e+00,        +0.00000000000000000e+00,        +0.00000000000000000e+00,        +0.00000000000000000e+00,        +0.00000000000000000e+00,        +0.00000000000000000e+00,        +0.00000000000000000e+00,        +0.00000000000000000e+00,        +0.00000000000000000e+00,        +0.00000000000000000e+00,        +0.00000000000000000e+00,        +0.00000000000000000e+00,        +0.00000000000000000e+00,        +0.00000000000000000e+00,        +0.00000000000000000e+00,        +0.00000000000000000e+00,        +0.00000000000000000e+00,        +0.00000000000000000e+00,        +0.00000000000000000e+00,        +0.00000000000000000e+00,        +0.00000000000000000e+00,        +0.00000000000000000e+00,        +0.00000000000000000e+00,        +0.00000000000000000e+00,        +0.00000000000000000e+00,        +1.00000000000000000e+00,        +0.00000000000000000e+00,        +0.00000000000000000e+00,        +0.00000000000000000e+00,        +0.00000000000000000e+00,        +0.00000000000000000e+00,        +0.00000000000000000e+00,        +0.00000000000000000e+00,        +0.00000000000000000e+00,        +0.00000000000000000e+00,        +0.00000000000000000e+00,        +0.00000000000000000e+00,        +0.00000000000000000e+00,        +0.00000000000000000e+00,        +0.00000000000000000e+00,        +0.00000000000000000e+00,        +0.00000000000000000e+00,        +0.00000000000000000e+00,        +0.00000000000000000e+00,        +0.00000000000000000e+00,        +0.00000000000000000e+00,        +0.00000000000000000e+00,        +0.00000000000000000e+00,        +0.00000000000000000e+00,        +0.00000000000000000e+00,        +0.00000000000000000e+00,        +0.00000000000000000e+00,        +0.00000000000000000e+00,        +0.00000000000000000e+00,        +0.00000000000000000e+00,        +0.00000000000000000e+00,        +0.00000000000000000e+00,        +0.00000000000000000e+00,        +0.00000000000000000e+00,        +0.00000000000000000e+00,        +0.00000000000000000e+00,        +0.00000000000000000e+00,        +0.00000000000000000e+00,        +0.00000000000000000e+00,        +0.00000000000000000e+00,        +0.00000000000000000e+00,        +0.00000000000000000e+00,        +0.00000000000000000e+00,        +0.00000000000000000e+00,        +0.00000000000000000e+00,        +0.00000000000000000e+00,        +0.00000000000000000e+00,        +0.00000000000000000e+00,        +0.00000000000000000e+00
        +0.00000000000000000e+00,        +0.00000000000000000e+00,        +0.00000000000000000e+00,        +0.00000000000000000e+00,        +0.00000000000000000e+00,        +0.00000000000000000e+00,        +0.00000000000000000e+00,        +0.00000000000000000e+00,        +0.00000000000000000e+00,        +0.00000000000000000e+00,        +0.00000000000000000e+00,        +0.00000000000000000e+00,        +0.00000000000000000e+00,        +0.00000000000000000e+00,        +0.00000000000000000e+00,        +0.00000000000000000e+00,        +0.00000000000000000e+00,        +0.00000000000000000e+00,        +0.00000000000000000e+00,        +0.00000000000000000e+00,        +0.00000000000000000e+00,        +0.00000000000000000e+00,        +0.00000000000000000e+00,        +0.00000000000000000e+00,        +0.00000000000000000e+00,        +0.00000000000000000e+00,        +0.00000000000000000e+00,        +0.00000000000000000e+00,        +0.00000000000000000e+00,        +0.00000000000000000e+00,        +0.00000000000000000e+00,        +0.00000000000000000e+00,        +0.00000000000000000e+00,        +0.00000000000000000e+00,        +0.00000000000000000e+00,        +0.00000000000000000e+00,        +0.00000000000000000e+00,        +0.00000000000000000e+00,        +0.00000000000000000e+00,        +0.00000000000000000e+00,        +0.00000000000000000e+00,        +0.00000000000000000e+00,        +0.00000000000000000e+00,        +0.00000000000000000e+00,        +0.00000000000000000e+00,        +0.00000000000000000e+00,        +0.00000000000000000e+00,        +0.00000000000000000e+00,        +0.00000000000000000e+00,        +0.00000000000000000e+00,        +0.00000000000000000e+00,        +0.00000000000000000e+00,        +0.00000000000000000e+00,        +0.00000000000000000e+00,        +0.00000000000000000e+00,        +0.00000000000000000e+00,        +0.00000000000000000e+00,        +0.00000000000000000e+00,        +0.00000000000000000e+00,        +0.00000000000000000e+00,        +1.00000000000000000e+00,        +0.00000000000000000e+00,        +0.00000000000000000e+00,        +0.00000000000000000e+00,        +0.00000000000000000e+00,        +0.00000000000000000e+00,        +0.00000000000000000e+00,        +0.00000000000000000e+00,        +0.00000000000000000e+00,        +0.00000000000000000e+00,        +0.00000000000000000e+00,        +0.00000000000000000e+00,        +0.00000000000000000e+00,        +0.00000000000000000e+00,        +0.00000000000000000e+00,        +0.00000000000000000e+00,        +0.00000000000000000e+00,        +0.00000000000000000e+00,        +0.00000000000000000e+00,        +0.00000000000000000e+00,        +0.00000000000000000e+00,        +0.00000000000000000e+00,        +0.00000000000000000e+00,        +0.00000000000000000e+00,        +0.00000000000000000e+00,        +0.00000000000000000e+00,        +0.00000000000000000e+00,        +0.00000000000000000e+00,        +0.00000000000000000e+00,        +0.00000000000000000e+00,        +0.00000000000000000e+00,        +0.00000000000000000e+00,        +0.00000000000000000e+00,        +0.00000000000000000e+00,        +0.00000000000000000e+00,        +0.00000000000000000e+00,        +0.00000000000000000e+00,        +0.00000000000000000e+00,        +0.00000000000000000e+00,        +0.00000000000000000e+00,        +0.00000000000000000e+00,        +0.00000000000000000e+00,        +0.00000000000000000e+00,        +0.00000000000000000e+00,        +0.00000000000000000e+00,        +0.00000000000000000e+00,        +0.00000000000000000e+00,        +0.00000000000000000e+00
        +0.00000000000000000e+00,        +0.00000000000000000e+00,        +0.00000000000000000e+00,        +0.00000000000000000e+00,        +0.00000000000000000e+00,        +0.00000000000000000e+00,        +0.00000000000000000e+00,        +0.00000000000000000e+00,        +0.00000000000000000e+00,        +0.00000000000000000e+00,        +0.00000000000000000e+00,        +0.00000000000000000e+00,        +0.00000000000000000e+00,        +0.00000000000000000e+00,        +0.00000000000000000e+00,        +0.00000000000000000e+00,        +0.00000000000000000e+00,        +0.00000000000000000e+00,        +0.00000000000000000e+00,        +0.00000000000000000e+00,        +0.00000000000000000e+00,        +0.00000000000000000e+00,        +0.00000000000000000e+00,        +0.00000000000000000e+00,        +0.00000000000000000e+00,        +0.00000000000000000e+00,        +0.00000000000000000e+00,        +0.00000000000000000e+00,        +0.00000000000000000e+00,        +0.00000000000000000e+00,        +0.00000000000000000e+00,        +0.00000000000000000e+00,        +0.00000000000000000e+00,        +0.00000000000000000e+00,        +0.00000000000000000e+00,        +0.00000000000000000e+00,        +0.00000000000000000e+00,        +0.00000000000000000e+00,        +0.00000000000000000e+00,        +0.00000000000000000e+00,        +0.00000000000000000e+00,        +0.00000000000000000e+00,        +0.00000000000000000e+00,        +0.00000000000000000e+00,        +0.00000000000000000e+00,        +0.00000000000000000e+00,        +0.00000000000000000e+00,        +0.00000000000000000e+00,        +0.00000000000000000e+00,        +0.00000000000000000e+00,        +0.00000000000000000e+00,        +0.00000000000000000e+00,        +0.00000000000000000e+00,        +0.00000000000000000e+00,        +0.00000000000000000e+00,        +0.00000000000000000e+00,        +0.00000000000000000e+00,        +0.00000000000000000e+00,        +0.00000000000000000e+00,        +0.00000000000000000e+00,        +0.00000000000000000e+00,        +1.00000000000000000e+00,        +0.00000000000000000e+00,        +0.00000000000000000e+00,        +0.00000000000000000e+00,        +0.00000000000000000e+00,        +0.00000000000000000e+00,        +0.00000000000000000e+00,        +0.00000000000000000e+00,        +0.00000000000000000e+00,        +0.00000000000000000e+00,        +0.00000000000000000e+00,        +0.00000000000000000e+00,        +0.00000000000000000e+00,        +0.00000000000000000e+00,        +0.00000000000000000e+00,        +0.00000000000000000e+00,        +0.00000000000000000e+00,        +0.00000000000000000e+00,        +0.00000000000000000e+00,        +0.00000000000000000e+00,        +0.00000000000000000e+00,        +0.00000000000000000e+00,        +0.00000000000000000e+00,        +0.00000000000000000e+00,        +0.00000000000000000e+00,        +0.00000000000000000e+00,        +0.00000000000000000e+00,        +0.00000000000000000e+00,        +0.00000000000000000e+00,        +0.00000000000000000e+00,        +0.00000000000000000e+00,        +0.00000000000000000e+00,        +0.00000000000000000e+00,        +0.00000000000000000e+00,        +0.00000000000000000e+00,        +0.00000000000000000e+00,        +0.00000000000000000e+00,        +0.00000000000000000e+00,        +0.00000000000000000e+00,        +0.00000000000000000e+00,        +0.00000000000000000e+00,        +0.00000000000000000e+00,        +0.00000000000000000e+00,        +0.00000000000000000e+00,        +0.00000000000000000e+00,        +0.00000000000000000e+00,        +0.00000000000000000e+00
        +0.00000000000000000e+00,        +0.00000000000000000e+00,        +0.00000000000000000e+00,        +0.00000000000000000e+00,        +0.00000000000000000e+00,        +0.00000000000000000e+00,        +0.00000000000000000e+00,        +0.00000000000000000e+00,        +0.00000000000000000e+00,        +0.00000000000000000e+00,        +0.00000000000000000e+00,        +0.00000000000000000e+00,        +0.00000000000000000e+00,        +0.00000000000000000e+00,        +0.00000000000000000e+00,        +0.00000000000000000e+00,        +0.00000000000000000e+00,        +0.00000000000000000e+00,        +0.00000000000000000e+00,        +0.00000000000000000e+00,        +0.00000000000000000e+00,        +0.00000000000000000e+00,        +0.00000000000000000e+00,        +0.00000000000000000e+00,        +0.00000000000000000e+00,        +0.00000000000000000e+00,        +0.00000000000000000e+00,        +0.00000000000000000e+00,        +0.00000000000000000e+00,        +0.00000000000000000e+00,        +0.00000000000000000e+00,        +0.00000000000000000e+00,        +0.00000000000000000e+00,        +0.00000000000000000e+00,        +0.00000000000000000e+00,        +0.00000000000000000e+00,        +0.00000000000000000e+00,        +0.00000000000000000e+00,        +0.00000000000000000e+00,        +0.00000000000000000e+00,        +0.00000000000000000e+00,        +0.00000000000000000e+00,        +0.00000000000000000e+00,        +0.00000000000000000e+00,        +0.00000000000000000e+00,        +0.00000000000000000e+00,        +0.00000000000000000e+00,        +0.00000000000000000e+00,        +0.00000000000000000e+00,        +0.00000000000000000e+00,        +0.00000000000000000e+00,        +0.00000000000000000e+00,        +0.00000000000000000e+00,        +0.00000000000000000e+00,        +0.00000000000000000e+00,        +0.00000000000000000e+00,        +0.00000000000000000e+00,        +0.00000000000000000e+00,        +0.00000000000000000e+00,        +0.00000000000000000e+00,        +0.00000000000000000e+00,        +0.00000000000000000e+00,        +1.00000000000000000e+00,        +0.00000000000000000e+00,        +0.00000000000000000e+00,        +0.00000000000000000e+00,        +0.00000000000000000e+00,        +0.00000000000000000e+00,        +0.00000000000000000e+00,        +0.00000000000000000e+00,        +0.00000000000000000e+00,        +0.00000000000000000e+00,        +0.00000000000000000e+00,        +0.00000000000000000e+00,        +0.00000000000000000e+00,        +0.00000000000000000e+00,        +0.00000000000000000e+00,        +0.00000000000000000e+00,        +0.00000000000000000e+00,        +0.00000000000000000e+00,        +0.00000000000000000e+00,        +0.00000000000000000e+00,        +0.00000000000000000e+00,        +0.00000000000000000e+00,        +0.00000000000000000e+00,        +0.00000000000000000e+00,        +0.00000000000000000e+00,        +0.00000000000000000e+00,        +0.00000000000000000e+00,        +0.00000000000000000e+00,        +0.00000000000000000e+00,        +0.00000000000000000e+00,        +0.00000000000000000e+00,        +0.00000000000000000e+00,        +0.00000000000000000e+00,        +0.00000000000000000e+00,        +0.00000000000000000e+00,        +0.00000000000000000e+00,        +0.00000000000000000e+00,        +0.00000000000000000e+00,        +0.00000000000000000e+00,        +0.00000000000000000e+00,        +0.00000000000000000e+00,        +0.00000000000000000e+00,        +0.00000000000000000e+00,        +0.00000000000000000e+00,        +0.00000000000000000e+00,        +0.00000000000000000e+00
        +0.00000000000000000e+00,        +0.00000000000000000e+00,        +0.00000000000000000e+00,        +0.00000000000000000e+00,        +0.00000000000000000e+00,        +0.00000000000000000e+00,        +0.00000000000000000e+00,        +0.00000000000000000e+00,        +0.00000000000000000e+00,        +0.00000000000000000e+00,        +0.00000000000000000e+00,        +0.00000000000000000e+00,        +0.00000000000000000e+00,        +0.00000000000000000e+00,        +0.00000000000000000e+00,        +0.00000000000000000e+00,        +0.00000000000000000e+00,        +0.00000000000000000e+00,        +0.00000000000000000e+00,        +0.00000000000000000e+00,        +0.00000000000000000e+00,        +0.00000000000000000e+00,        +0.00000000000000000e+00,        +0.00000000000000000e+00,        +0.00000000000000000e+00,        +0.00000000000000000e+00,        +0.00000000000000000e+00,        +0.00000000000000000e+00,        +0.00000000000000000e+00,        +0.00000000000000000e+00,        +0.00000000000000000e+00,        +0.00000000000000000e+00,        +0.00000000000000000e+00,        +0.00000000000000000e+00,        +0.00000000000000000e+00,        +0.00000000000000000e+00,        +0.00000000000000000e+00,        +0.00000000000000000e+00,        +0.00000000000000000e+00,        +0.00000000000000000e+00,        +0.00000000000000000e+00,        +0.00000000000000000e+00,        +0.00000000000000000e+00,        +0.00000000000000000e+00,        +0.00000000000000000e+00,        +0.00000000000000000e+00,        +0.00000000000000000e+00,        +0.00000000000000000e+00,        +0.00000000000000000e+00,        +0.00000000000000000e+00,        +0.00000000000000000e+00,        +0.00000000000000000e+00,        +0.00000000000000000e+00,        +0.00000000000000000e+00,        +0.00000000000000000e+00,        +0.00000000000000000e+00,        +0.00000000000000000e+00,        +0.00000000000000000e+00,        +0.00000000000000000e+00,        +0.00000000000000000e+00,        +0.00000000000000000e+00,        +0.00000000000000000e+00,        +0.00000000000000000e+00,        +1.00000000000000000e+00,        +0.00000000000000000e+00,        +0.00000000000000000e+00,        +0.00000000000000000e+00,        +0.00000000000000000e+00,        +0.00000000000000000e+00,        +0.00000000000000000e+00,        +0.00000000000000000e+00,        +0.00000000000000000e+00,        +0.00000000000000000e+00,        +0.00000000000000000e+00,        +0.00000000000000000e+00,        +0.00000000000000000e+00,        +0.00000000000000000e+00,        +0.00000000000000000e+00,        +0.00000000000000000e+00,        +0.00000000000000000e+00,        +0.00000000000000000e+00,        +0.00000000000000000e+00,        +0.00000000000000000e+00,        +0.00000000000000000e+00,        +0.00000000000000000e+00,        +0.00000000000000000e+00,        +0.00000000000000000e+00,        +0.00000000000000000e+00,        +0.00000000000000000e+00,        +0.00000000000000000e+00,        +0.00000000000000000e+00,        +0.00000000000000000e+00,        +0.00000000000000000e+00,        +0.00000000000000000e+00,        +0.00000000000000000e+00,        +0.00000000000000000e+00,        +0.00000000000000000e+00,        +0.00000000000000000e+00,        +0.00000000000000000e+00,        +0.00000000000000000e+00,        +0.00000000000000000e+00,        +0.00000000000000000e+00,        +0.00000000000000000e+00,        +0.00000000000000000e+00,        +0.00000000000000000e+00,        +0.00000000000000000e+00,        +0.00000000000000000e+00,        +0.00000000000000000e+00
        +0.00000000000000000e+00,        +0.00000000000000000e+00,        +0.00000000000000000e+00,        +0.00000000000000000e+00,        +0.00000000000000000e+00,        +0.00000000000000000e+00,        +0.00000000000000000e+00,        +0.00000000000000000e+00,        +0.00000000000000000e+00,        +0.00000000000000000e+00,        +0.00000000000000000e+00,        +0.00000000000000000e+00,        +0.00000000000000000e+00,        +0.00000000000000000e+00,        +0.00000000000000000e+00,        +0.00000000000000000e+00,        +0.00000000000000000e+00,        +0.00000000000000000e+00,        +0.00000000000000000e+00,        +0.00000000000000000e+00,        +0.00000000000000000e+00,        +0.00000000000000000e+00,        +0.00000000000000000e+00,        +0.00000000000000000e+00,        +0.00000000000000000e+00,        +0.00000000000000000e+00,        +0.00000000000000000e+00,        +0.00000000000000000e+00,        +0.00000000000000000e+00,        +0.00000000000000000e+00,        +0.00000000000000000e+00,        +0.00000000000000000e+00,        +0.00000000000000000e+00,        +0.00000000000000000e+00,        +0.00000000000000000e+00,        +0.00000000000000000e+00,        +0.00000000000000000e+00,        +0.00000000000000000e+00,        +0.00000000000000000e+00,        +0.00000000000000000e+00,        +0.00000000000000000e+00,        +0.00000000000000000e+00,        +0.00000000000000000e+00,        +0.00000000000000000e+00,        +0.00000000000000000e+00,        +0.00000000000000000e+00,        +0.00000000000000000e+00,        +0.00000000000000000e+00,        +0.00000000000000000e+00,        +0.00000000000000000e+00,        +0.00000000000000000e+00,        +0.00000000000000000e+00,        +0.00000000000000000e+00,        +0.00000000000000000e+00,        +0.00000000000000000e+00,        +0.00000000000000000e+00,        +0.00000000000000000e+00,        +0.00000000000000000e+00,        +0.00000000000000000e+00,        +0.00000000000000000e+00,        +0.00000000000000000e+00,        +0.00000000000000000e+00,        +0.00000000000000000e+00,        +0.00000000000000000e+00,        +1.00000000000000000e+00,        +0.00000000000000000e+00,        +0.00000000000000000e+00,        +0.00000000000000000e+00,        +0.00000000000000000e+00,        +0.00000000000000000e+00,        +0.00000000000000000e+00,        +0.00000000000000000e+00,        +0.00000000000000000e+00,        +0.00000000000000000e+00,        +0.00000000000000000e+00,        +0.00000000000000000e+00,        +0.00000000000000000e+00,        +0.00000000000000000e+00,        +0.00000000000000000e+00,        +0.00000000000000000e+00,        +0.00000000000000000e+00,        +0.00000000000000000e+00,        +0.00000000000000000e+00,        +0.00000000000000000e+00,        +0.00000000000000000e+00,        +0.00000000000000000e+00,        +0.00000000000000000e+00,        +0.00000000000000000e+00,        +0.00000000000000000e+00,        +0.00000000000000000e+00,        +0.00000000000000000e+00,        +0.00000000000000000e+00,        +0.00000000000000000e+00,        +0.00000000000000000e+00,        +0.00000000000000000e+00,        +0.00000000000000000e+00,        +0.00000000000000000e+00,        +0.00000000000000000e+00,        +0.00000000000000000e+00,        +0.00000000000000000e+00,        +0.00000000000000000e+00,        +0.00000000000000000e+00,        +0.00000000000000000e+00,        +0.00000000000000000e+00,        +0.00000000000000000e+00,        +0.00000000000000000e+00,        +0.00000000000000000e+00,        +0.00000000000000000e+00
        +0.00000000000000000e+00,        +0.00000000000000000e+00,        +0.00000000000000000e+00,        +0.00000000000000000e+00,        +0.00000000000000000e+00,        +0.00000000000000000e+00,        +0.00000000000000000e+00,        +0.00000000000000000e+00,        +0.00000000000000000e+00,        +0.00000000000000000e+00,        +0.00000000000000000e+00,        +0.00000000000000000e+00,        +0.00000000000000000e+00,        +0.00000000000000000e+00,        +0.00000000000000000e+00,        +0.00000000000000000e+00,        +0.00000000000000000e+00,        +0.00000000000000000e+00,        +0.00000000000000000e+00,        +0.00000000000000000e+00,        +0.00000000000000000e+00,        +0.00000000000000000e+00,        +0.00000000000000000e+00,        +0.00000000000000000e+00,        +0.00000000000000000e+00,        +0.00000000000000000e+00,        +0.00000000000000000e+00,        +0.00000000000000000e+00,        +0.00000000000000000e+00,        +0.00000000000000000e+00,        +0.00000000000000000e+00,        +0.00000000000000000e+00,        +0.00000000000000000e+00,        +0.00000000000000000e+00,        +0.00000000000000000e+00,        +0.00000000000000000e+00,        +0.00000000000000000e+00,        +0.00000000000000000e+00,        +0.00000000000000000e+00,        +0.00000000000000000e+00,        +0.00000000000000000e+00,        +0.00000000000000000e+00,        +0.00000000000000000e+00,        +0.00000000000000000e+00,        +0.00000000000000000e+00,        +0.00000000000000000e+00,        +0.00000000000000000e+00,        +0.00000000000000000e+00,        +0.00000000000000000e+00,        +0.00000000000000000e+00,        +0.00000000000000000e+00,        +0.00000000000000000e+00,        +0.00000000000000000e+00,        +0.00000000000000000e+00,        +0.00000000000000000e+00,        +0.00000000000000000e+00,        +0.00000000000000000e+00,        +0.00000000000000000e+00,        +0.00000000000000000e+00,        +0.00000000000000000e+00,        +0.00000000000000000e+00,        +0.00000000000000000e+00,        +0.00000000000000000e+00,        +0.00000000000000000e+00,        +0.00000000000000000e+00,        +1.00000000000000000e+00,        +0.00000000000000000e+00,        +0.00000000000000000e+00,        +0.00000000000000000e+00,        +0.00000000000000000e+00,        +0.00000000000000000e+00,        +0.00000000000000000e+00,        +0.00000000000000000e+00,        +0.00000000000000000e+00,        +0.00000000000000000e+00,        +0.00000000000000000e+00,        +0.00000000000000000e+00,        +0.00000000000000000e+00,        +0.00000000000000000e+00,        +0.00000000000000000e+00,        +0.00000000000000000e+00,        +0.00000000000000000e+00,        +0.00000000000000000e+00,        +0.00000000000000000e+00,        +0.00000000000000000e+00,        +0.00000000000000000e+00,        +0.00000000000000000e+00,        +0.00000000000000000e+00,        +0.00000000000000000e+00,        +0.00000000000000000e+00,        +0.00000000000000000e+00,        +0.00000000000000000e+00,        +0.00000000000000000e+00,        +0.00000000000000000e+00,        +0.00000000000000000e+00,        +0.00000000000000000e+00,        +0.00000000000000000e+00,        +0.00000000000000000e+00,        +0.00000000000000000e+00,        +0.00000000000000000e+00,        +0.00000000000000000e+00,        +0.00000000000000000e+00,        +0.00000000000000000e+00,        +0.00000000000000000e+00,        +0.00000000000000000e+00,        +0.00000000000000000e+00,        +0.00000000000000000e+00,        +0.00000000000000000e+00
        +0.00000000000000000e+00,        +0.00000000000000000e+00,        +0.00000000000000000e+00,        +0.00000000000000000e+00,        +0.00000000000000000e+00,        +0.00000000000000000e+00,        +0.00000000000000000e+00,        +0.00000000000000000e+00,        +0.00000000000000000e+00,        +0.00000000000000000e+00,        +0.00000000000000000e+00,        +0.00000000000000000e+00,        +0.00000000000000000e+00,        +0.00000000000000000e+00,        +0.00000000000000000e+00,        +0.00000000000000000e+00,        +0.00000000000000000e+00,        +0.00000000000000000e+00,        +0.00000000000000000e+00,        +0.00000000000000000e+00,        +0.00000000000000000e+00,        +0.00000000000000000e+00,        +0.00000000000000000e+00,        +0.00000000000000000e+00,        +0.00000000000000000e+00,        +0.00000000000000000e+00,        +0.00000000000000000e+00,        +0.00000000000000000e+00,        +0.00000000000000000e+00,        +0.00000000000000000e+00,        +0.00000000000000000e+00,        +0.00000000000000000e+00,        +0.00000000000000000e+00,        +0.00000000000000000e+00,        +0.00000000000000000e+00,        +0.00000000000000000e+00,        +0.00000000000000000e+00,        +0.00000000000000000e+00,        +0.00000000000000000e+00,        +0.00000000000000000e+00,        +0.00000000000000000e+00,        +0.00000000000000000e+00,        +0.00000000000000000e+00,        +0.00000000000000000e+00,        +0.00000000000000000e+00,        +0.00000000000000000e+00,        +0.00000000000000000e+00,        +0.00000000000000000e+00,        +0.00000000000000000e+00,        +0.00000000000000000e+00,        +0.00000000000000000e+00,        +0.00000000000000000e+00,        +0.00000000000000000e+00,        +0.00000000000000000e+00,        +0.00000000000000000e+00,        +0.00000000000000000e+00,        +0.00000000000000000e+00,        +0.00000000000000000e+00,        +0.00000000000000000e+00,        +0.00000000000000000e+00,        +0.00000000000000000e+00,        +0.00000000000000000e+00,        +0.00000000000000000e+00,        +0.00000000000000000e+00,        +0.00000000000000000e+00,        +0.00000000000000000e+00,        +1.00000000000000000e+00,        +0.00000000000000000e+00,        +0.00000000000000000e+00,        +0.00000000000000000e+00,        +0.00000000000000000e+00,        +0.00000000000000000e+00,        +0.00000000000000000e+00,        +0.00000000000000000e+00,        +0.00000000000000000e+00,        +0.00000000000000000e+00,        +0.00000000000000000e+00,        +0.00000000000000000e+00,        +0.00000000000000000e+00,        +0.00000000000000000e+00,        +0.00000000000000000e+00,        +0.00000000000000000e+00,        +0.00000000000000000e+00,        +0.00000000000000000e+00,        +0.00000000000000000e+00,        +0.00000000000000000e+00,        +0.00000000000000000e+00,        +0.00000000000000000e+00,        +0.00000000000000000e+00,        +0.00000000000000000e+00,        +0.00000000000000000e+00,        +0.00000000000000000e+00,        +0.00000000000000000e+00,        +0.00000000000000000e+00,        +0.00000000000000000e+00,        +0.00000000000000000e+00,        +0.00000000000000000e+00,        +0.00000000000000000e+00,        +0.00000000000000000e+00,        +0.00000000000000000e+00,        +0.00000000000000000e+00,        +0.00000000000000000e+00,        +0.00000000000000000e+00,        +0.00000000000000000e+00,        +0.00000000000000000e+00,        +0.00000000000000000e+00,        +0.00000000000000000e+00,        +0.00000000000000000e+00
        +0.00000000000000000e+00,        +0.00000000000000000e+00,        +0.00000000000000000e+00,        +0.00000000000000000e+00,        +0.00000000000000000e+00,        +0.00000000000000000e+00,        +0.00000000000000000e+00,        +0.00000000000000000e+00,        +0.00000000000000000e+00,        +0.00000000000000000e+00,        +0.00000000000000000e+00,        +0.00000000000000000e+00,        +0.00000000000000000e+00,        +0.00000000000000000e+00,        +0.00000000000000000e+00,        +0.00000000000000000e+00,        +0.00000000000000000e+00,        +0.00000000000000000e+00,        +0.00000000000000000e+00,        +0.00000000000000000e+00,        +0.00000000000000000e+00,        +0.00000000000000000e+00,        +0.00000000000000000e+00,        +0.00000000000000000e+00,        +0.00000000000000000e+00,        +0.00000000000000000e+00,        +0.00000000000000000e+00,        +0.00000000000000000e+00,        +0.00000000000000000e+00,        +0.00000000000000000e+00,        +0.00000000000000000e+00,        +0.00000000000000000e+00,        +0.00000000000000000e+00,        +0.00000000000000000e+00,        +0.00000000000000000e+00,        +0.00000000000000000e+00,        +0.00000000000000000e+00,        +0.00000000000000000e+00,        +0.00000000000000000e+00,        +0.00000000000000000e+00,        +0.00000000000000000e+00,        +0.00000000000000000e+00,        +0.00000000000000000e+00,        +0.00000000000000000e+00,        +0.00000000000000000e+00,        +0.00000000000000000e+00,        +0.00000000000000000e+00,        +0.00000000000000000e+00,        +0.00000000000000000e+00,        +0.00000000000000000e+00,        +0.00000000000000000e+00,        +0.00000000000000000e+00,        +0.00000000000000000e+00,        +0.00000000000000000e+00,        +0.00000000000000000e+00,        +0.00000000000000000e+00,        +0.00000000000000000e+00,        +0.00000000000000000e+00,        +0.00000000000000000e+00,        +0.00000000000000000e+00,        +0.00000000000000000e+00,        +0.00000000000000000e+00,        +0.00000000000000000e+00,        +0.00000000000000000e+00,        +0.00000000000000000e+00,        +0.00000000000000000e+00,        +0.00000000000000000e+00,        +1.00000000000000000e+00,        +0.00000000000000000e+00,        +0.00000000000000000e+00,        +0.00000000000000000e+00,        +0.00000000000000000e+00,        +0.00000000000000000e+00,        +0.00000000000000000e+00,        +0.00000000000000000e+00,        +0.00000000000000000e+00,        +0.00000000000000000e+00,        +0.00000000000000000e+00,        +0.00000000000000000e+00,        +0.00000000000000000e+00,        +0.00000000000000000e+00,        +0.00000000000000000e+00,        +0.00000000000000000e+00,        +0.00000000000000000e+00,        +0.00000000000000000e+00,        +0.00000000000000000e+00,        +0.00000000000000000e+00,        +0.00000000000000000e+00,        +0.00000000000000000e+00,        +0.00000000000000000e+00,        +0.00000000000000000e+00,        +0.00000000000000000e+00,        +0.00000000000000000e+00,        +0.00000000000000000e+00,        +0.00000000000000000e+00,        +0.00000000000000000e+00,        +0.00000000000000000e+00,        +0.00000000000000000e+00,        +0.00000000000000000e+00,        +0.00000000000000000e+00,        +0.00000000000000000e+00,        +0.00000000000000000e+00,        +0.00000000000000000e+00,        +0.00000000000000000e+00,        +0.00000000000000000e+00,        +0.00000000000000000e+00,        +0.00000000000000000e+00,        +0.00000000000000000e+00
        +0.00000000000000000e+00,        +0.00000000000000000e+00,        +0.00000000000000000e+00,        +0.00000000000000000e+00,        +0.00000000000000000e+00,        +0.00000000000000000e+00,        +0.00000000000000000e+00,        +0.00000000000000000e+00,        +0.00000000000000000e+00,        +0.00000000000000000e+00,        +0.00000000000000000e+00,        +0.00000000000000000e+00,        +0.00000000000000000e+00,        +0.00000000000000000e+00,        +0.00000000000000000e+00,        +0.00000000000000000e+00,        +0.00000000000000000e+00,        +0.00000000000000000e+00,        +0.00000000000000000e+00,        +0.00000000000000000e+00,        +0.00000000000000000e+00,        +0.00000000000000000e+00,        +0.00000000000000000e+00,        +0.00000000000000000e+00,        +0.00000000000000000e+00,        +0.00000000000000000e+00,        +0.00000000000000000e+00,        +0.00000000000000000e+00,        +0.00000000000000000e+00,        +0.00000000000000000e+00,        +0.00000000000000000e+00,        +0.00000000000000000e+00,        +0.00000000000000000e+00,        +0.00000000000000000e+00,        +0.00000000000000000e+00,        +0.00000000000000000e+00,        +0.00000000000000000e+00,        +0.00000000000000000e+00,        +0.00000000000000000e+00,        +0.00000000000000000e+00,        +0.00000000000000000e+00,        +0.00000000000000000e+00,        +0.00000000000000000e+00,        +0.00000000000000000e+00,        +0.00000000000000000e+00,        +0.00000000000000000e+00,        +0.00000000000000000e+00,        +0.00000000000000000e+00,        +0.00000000000000000e+00,        +0.00000000000000000e+00,        +0.00000000000000000e+00,        +0.00000000000000000e+00,        +0.00000000000000000e+00,        +0.00000000000000000e+00,        +0.00000000000000000e+00,        +0.00000000000000000e+00,        +0.00000000000000000e+00,        +0.00000000000000000e+00,        +0.00000000000000000e+00,        +0.00000000000000000e+00,        +0.00000000000000000e+00,        +0.00000000000000000e+00,        +0.00000000000000000e+00,        +0.00000000000000000e+00,        +0.00000000000000000e+00,        +0.00000000000000000e+00,        +0.00000000000000000e+00,        +0.00000000000000000e+00,        +1.00000000000000000e+00,        +0.00000000000000000e+00,        +0.00000000000000000e+00,        +0.00000000000000000e+00,        +0.00000000000000000e+00,        +0.00000000000000000e+00,        +0.00000000000000000e+00,        +0.00000000000000000e+00,        +0.00000000000000000e+00,        +0.00000000000000000e+00,        +0.00000000000000000e+00,        +0.00000000000000000e+00,        +0.00000000000000000e+00,        +0.00000000000000000e+00,        +0.00000000000000000e+00,        +0.00000000000000000e+00,        +0.00000000000000000e+00,        +0.00000000000000000e+00,        +0.00000000000000000e+00,        +0.00000000000000000e+00,        +0.00000000000000000e+00,        +0.00000000000000000e+00,        +0.00000000000000000e+00,        +0.00000000000000000e+00,        +0.00000000000000000e+00,        +0.00000000000000000e+00,        +0.00000000000000000e+00,        +0.00000000000000000e+00,        +0.00000000000000000e+00,        +0.00000000000000000e+00,        +0.00000000000000000e+00,        +0.00000000000000000e+00,        +0.00000000000000000e+00,        +0.00000000000000000e+00,        +0.00000000000000000e+00,        +0.00000000000000000e+00,        +0.00000000000000000e+00,        +0.00000000000000000e+00,        +0.00000000000000000e+00,        +0.00000000000000000e+00
        +0.00000000000000000e+00,        +0.00000000000000000e+00,        +0.00000000000000000e+00,        +0.00000000000000000e+00,        +0.00000000000000000e+00,        +0.00000000000000000e+00,        +0.00000000000000000e+00,        +0.00000000000000000e+00,        +0.00000000000000000e+00,        +0.00000000000000000e+00,        +0.00000000000000000e+00,        +0.00000000000000000e+00,        +0.00000000000000000e+00,        +0.00000000000000000e+00,        +0.00000000000000000e+00,        +0.00000000000000000e+00,        +0.00000000000000000e+00,        +0.00000000000000000e+00,        +0.00000000000000000e+00,        +0.00000000000000000e+00,        +0.00000000000000000e+00,        +0.00000000000000000e+00,        +0.00000000000000000e+00,        +0.00000000000000000e+00,        +0.00000000000000000e+00,        +0.00000000000000000e+00,        +0.00000000000000000e+00,        +0.00000000000000000e+00,        +0.00000000000000000e+00,        +0.00000000000000000e+00,        +0.00000000000000000e+00,        +0.00000000000000000e+00,        +0.00000000000000000e+00,        +0.00000000000000000e+00,        +0.00000000000000000e+00,        +0.00000000000000000e+00,        +0.00000000000000000e+00,        +0.00000000000000000e+00,        +0.00000000000000000e+00,        +0.00000000000000000e+00,        +0.00000000000000000e+00,        +0.00000000000000000e+00,        +0.00000000000000000e+00,        +0.00000000000000000e+00,        +0.00000000000000000e+00,        +0.00000000000000000e+00,        +0.00000000000000000e+00,        +0.00000000000000000e+00,        +0.00000000000000000e+00,        +0.00000000000000000e+00,        +0.00000000000000000e+00,        +0.00000000000000000e+00,        +0.00000000000000000e+00,        +0.00000000000000000e+00,        +0.00000000000000000e+00,        +0.00000000000000000e+00,        +0.00000000000000000e+00,        +0.00000000000000000e+00,        +0.00000000000000000e+00,        +0.00000000000000000e+00,        +0.00000000000000000e+00,        +0.00000000000000000e+00,        +0.00000000000000000e+00,        +0.00000000000000000e+00,        +0.00000000000000000e+00,        +0.00000000000000000e+00,        +0.00000000000000000e+00,        +0.00000000000000000e+00,        +0.00000000000000000e+00,        +1.00000000000000000e+00,        +0.00000000000000000e+00,        +0.00000000000000000e+00,        +0.00000000000000000e+00,        +0.00000000000000000e+00,        +0.00000000000000000e+00,        +0.00000000000000000e+00,        +0.00000000000000000e+00,        +0.00000000000000000e+00,        +0.00000000000000000e+00,        +0.00000000000000000e+00,        +0.00000000000000000e+00,        +0.00000000000000000e+00,        +0.00000000000000000e+00,        +0.00000000000000000e+00,        +0.00000000000000000e+00,        +0.00000000000000000e+00,        +0.00000000000000000e+00,        +0.00000000000000000e+00,        +0.00000000000000000e+00,        +0.00000000000000000e+00,        +0.00000000000000000e+00,        +0.00000000000000000e+00,        +0.00000000000000000e+00,        +0.00000000000000000e+00,        +0.00000000000000000e+00,        +0.00000000000000000e+00,        +0.00000000000000000e+00,        +0.00000000000000000e+00,        +0.00000000000000000e+00,        +0.00000000000000000e+00,        +0.00000000000000000e+00,        +0.00000000000000000e+00,        +0.00000000000000000e+00,        +0.00000000000000000e+00,        +0.00000000000000000e+00,        +0.00000000000000000e+00,        +0.00000000000000000e+00,        +0.00000000000000000e+00
        +0.00000000000000000e+00,        +0.00000000000000000e+00,        +0.00000000000000000e+00,        +0.00000000000000000e+00,        +0.00000000000000000e+00,        +0.00000000000000000e+00,        +0.00000000000000000e+00,        +0.00000000000000000e+00,        +0.00000000000000000e+00,        +0.00000000000000000e+00,        +0.00000000000000000e+00,        +0.00000000000000000e+00,        +0.00000000000000000e+00,        +0.00000000000000000e+00,        +0.00000000000000000e+00,        +0.00000000000000000e+00,        +0.00000000000000000e+00,        +0.00000000000000000e+00,        +0.00000000000000000e+00,        +0.00000000000000000e+00,        +0.00000000000000000e+00,        +0.00000000000000000e+00,        +0.00000000000000000e+00,        +0.00000000000000000e+00,        +0.00000000000000000e+00,        +0.00000000000000000e+00,        +0.00000000000000000e+00,        +0.00000000000000000e+00,        +0.00000000000000000e+00,        +0.00000000000000000e+00,        +0.00000000000000000e+00,        +0.00000000000000000e+00,        +0.00000000000000000e+00,        +0.00000000000000000e+00,        +0.00000000000000000e+00,        +0.00000000000000000e+00,        +0.00000000000000000e+00,        +0.00000000000000000e+00,        +0.00000000000000000e+00,        +0.00000000000000000e+00,        +0.00000000000000000e+00,        +0.00000000000000000e+00,        +0.00000000000000000e+00,        +0.00000000000000000e+00,        +0.00000000000000000e+00,        +0.00000000000000000e+00,        +0.00000000000000000e+00,        +0.00000000000000000e+00,        +0.00000000000000000e+00,        +0.00000000000000000e+00,        +0.00000000000000000e+00,        +0.00000000000000000e+00,        +0.00000000000000000e+00,        +0.00000000000000000e+00,        +0.00000000000000000e+00,        +0.00000000000000000e+00,        +0.00000000000000000e+00,        +0.00000000000000000e+00,        +0.00000000000000000e+00,        +0.00000000000000000e+00,        +0.00000000000000000e+00,        +0.00000000000000000e+00,        +0.00000000000000000e+00,        +0.00000000000000000e+00,        +0.00000000000000000e+00,        +0.00000000000000000e+00,        +0.00000000000000000e+00,        +0.00000000000000000e+00,        +0.00000000000000000e+00,        +0.00000000000000000e+00,        +1.00000000000000000e+00,        +0.00000000000000000e+00,        +0.00000000000000000e+00,        +0.00000000000000000e+00,        +0.00000000000000000e+00,        +0.00000000000000000e+00,        +0.00000000000000000e+00,        +0.00000000000000000e+00,        +0.00000000000000000e+00,        +0.00000000000000000e+00,        +0.00000000000000000e+00,        +0.00000000000000000e+00,        +0.00000000000000000e+00,        +0.00000000000000000e+00,        +0.00000000000000000e+00,        +0.00000000000000000e+00,        +0.00000000000000000e+00,        +0.00000000000000000e+00,        +0.00000000000000000e+00,        +0.00000000000000000e+00,        +0.00000000000000000e+00,        +0.00000000000000000e+00,        +0.00000000000000000e+00,        +0.00000000000000000e+00,        +0.00000000000000000e+00,        +0.00000000000000000e+00,        +0.00000000000000000e+00,        +0.00000000000000000e+00,        +0.00000000000000000e+00,        +0.00000000000000000e+00,        +0.00000000000000000e+00,        +0.00000000000000000e+00,        +0.00000000000000000e+00,        +0.00000000000000000e+00,        +0.00000000000000000e+00,        +0.00000000000000000e+00,        +0.00000000000000000e+00,        +0.00000000000000000e+00
        +0.00000000000000000e+00,        +0.00000000000000000e+00,        +0.00000000000000000e+00,        +0.00000000000000000e+00,        +0.00000000000000000e+00,        +0.00000000000000000e+00,        +0.00000000000000000e+00,        +0.00000000000000000e+00,        +0.00000000000000000e+00,        +0.00000000000000000e+00,        +0.00000000000000000e+00,        +0.00000000000000000e+00,        +0.00000000000000000e+00,        +0.00000000000000000e+00,        +0.00000000000000000e+00,        +0.00000000000000000e+00,        +0.00000000000000000e+00,        +0.00000000000000000e+00,        +0.00000000000000000e+00,        +0.00000000000000000e+00,        +0.00000000000000000e+00,        +0.00000000000000000e+00,        +0.00000000000000000e+00,        +0.00000000000000000e+00,        +0.00000000000000000e+00,        +0.00000000000000000e+00,        +0.00000000000000000e+00,        +0.00000000000000000e+00,        +0.00000000000000000e+00,        +0.00000000000000000e+00,        +0.00000000000000000e+00,        +0.00000000000000000e+00,        +0.00000000000000000e+00,        +0.00000000000000000e+00,        +0.00000000000000000e+00,        +0.00000000000000000e+00,        +0.00000000000000000e+00,        +0.00000000000000000e+00,        +0.00000000000000000e+00,        +0.00000000000000000e+00,        +0.00000000000000000e+00,        +0.00000000000000000e+00,        +0.00000000000000000e+00,        +0.00000000000000000e+00,        +0.00000000000000000e+00,        +0.00000000000000000e+00,        +0.00000000000000000e+00,        +0.00000000000000000e+00,        +0.00000000000000000e+00,        +0.00000000000000000e+00,        +0.00000000000000000e+00,        +0.00000000000000000e+00,        +0.00000000000000000e+00,        +0.00000000000000000e+00,        +0.00000000000000000e+00,        +0.00000000000000000e+00,        +0.00000000000000000e+00,        +0.00000000000000000e+00,        +0.00000000000000000e+00,        +0.00000000000000000e+00,        +0.00000000000000000e+00,        +0.00000000000000000e+00,        +0.00000000000000000e+00,        +0.00000000000000000e+00,        +0.00000000000000000e+00,        +0.00000000000000000e+00,        +0.00000000000000000e+00,        +0.00000000000000000e+00,        +0.00000000000000000e+00,        +0.00000000000000000e+00,        +0.00000000000000000e+00,        +1.00000000000000000e+00,        +0.00000000000000000e+00,        +0.00000000000000000e+00,        +0.00000000000000000e+00,        +0.00000000000000000e+00,        +0.00000000000000000e+00,        +0.00000000000000000e+00,        +0.00000000000000000e+00,        +0.00000000000000000e+00,        +0.00000000000000000e+00,        +0.00000000000000000e+00,        +0.00000000000000000e+00,        +0.00000000000000000e+00,        +0.00000000000000000e+00,        +0.00000000000000000e+00,        +0.00000000000000000e+00,        +0.00000000000000000e+00,        +0.00000000000000000e+00,        +0.00000000000000000e+00,        +0.00000000000000000e+00,        +0.00000000000000000e+00,        +0.00000000000000000e+00,        +0.00000000000000000e+00,        +0.00000000000000000e+00,        +0.00000000000000000e+00,        +0.00000000000000000e+00,        +0.00000000000000000e+00,        +0.00000000000000000e+00,        +0.00000000000000000e+00,        +0.00000000000000000e+00,        +0.00000000000000000e+00,        +0.00000000000000000e+00,        +0.00000000000000000e+00,        +0.00000000000000000e+00,        +0.00000000000000000e+00,        +0.00000000000000000e+00,        +0.00000000000000000e+00
        +0.00000000000000000e+00,        +0.00000000000000000e+00,        +0.00000000000000000e+00,        +0.00000000000000000e+00,        +0.00000000000000000e+00,        +0.00000000000000000e+00,        +0.00000000000000000e+00,        +0.00000000000000000e+00,        +0.00000000000000000e+00,        +0.00000000000000000e+00,        +0.00000000000000000e+00,        +0.00000000000000000e+00,        +0.00000000000000000e+00,        +0.00000000000000000e+00,        +0.00000000000000000e+00,        +0.00000000000000000e+00,        +0.00000000000000000e+00,        +0.00000000000000000e+00,        +0.00000000000000000e+00,        +0.00000000000000000e+00,        +0.00000000000000000e+00,        +0.00000000000000000e+00,        +0.00000000000000000e+00,        +0.00000000000000000e+00,        +0.00000000000000000e+00,        +0.00000000000000000e+00,        +0.00000000000000000e+00,        +0.00000000000000000e+00,        +0.00000000000000000e+00,        +0.00000000000000000e+00,        +0.00000000000000000e+00,        +0.00000000000000000e+00,        +0.00000000000000000e+00,        +0.00000000000000000e+00,        +0.00000000000000000e+00,        +0.00000000000000000e+00,        +0.00000000000000000e+00,        +0.00000000000000000e+00,        +0.00000000000000000e+00,        +0.00000000000000000e+00,        +0.00000000000000000e+00,        +0.00000000000000000e+00,        +0.00000000000000000e+00,        +0.00000000000000000e+00,        +0.00000000000000000e+00,        +0.00000000000000000e+00,        +0.00000000000000000e+00,        +0.00000000000000000e+00,        +0.00000000000000000e+00,        +0.00000000000000000e+00,        +0.00000000000000000e+00,        +0.00000000000000000e+00,        +0.00000000000000000e+00,        +0.00000000000000000e+00,        +0.00000000000000000e+00,        +0.00000000000000000e+00,        +0.00000000000000000e+00,        +0.00000000000000000e+00,        +0.00000000000000000e+00,        +0.00000000000000000e+00,        +0.00000000000000000e+00,        +0.00000000000000000e+00,        +0.00000000000000000e+00,        +0.00000000000000000e+00,        +0.00000000000000000e+00,        +0.00000000000000000e+00,        +0.00000000000000000e+00,        +0.00000000000000000e+00,        +0.00000000000000000e+00,        +0.00000000000000000e+00,        +0.00000000000000000e+00,        +0.00000000000000000e+00,        +1.00000000000000000e+00,        +0.00000000000000000e+00,        +0.00000000000000000e+00,        +0.00000000000000000e+00,        +0.00000000000000000e+00,        +0.00000000000000000e+00,        +0.00000000000000000e+00,        +0.00000000000000000e+00,        +0.00000000000000000e+00,        +0.00000000000000000e+00,        +0.00000000000000000e+00,        +0.00000000000000000e+00,        +0.00000000000000000e+00,        +0.00000000000000000e+00,        +0.00000000000000000e+00,        +0.00000000000000000e+00,        +0.00000000000000000e+00,        +0.00000000000000000e+00,        +0.00000000000000000e+00,        +0.00000000000000000e+00,        +0.00000000000000000e+00,        +0.00000000000000000e+00,        +0.00000000000000000e+00,        +0.00000000000000000e+00,        +0.00000000000000000e+00,        +0.00000000000000000e+00,        +0.00000000000000000e+00,        +0.00000000000000000e+00,        +0.00000000000000000e+00,        +0.00000000000000000e+00,        +0.00000000000000000e+00,        +0.00000000000000000e+00,        +0.00000000000000000e+00,        +0.00000000000000000e+00,        +0.00000000000000000e+00,        +0.00000000000000000e+00
        +0.00000000000000000e+00,        +0.00000000000000000e+00,        +0.00000000000000000e+00,        +0.00000000000000000e+00,        +0.00000000000000000e+00,        +0.00000000000000000e+00,        +0.00000000000000000e+00,        +0.00000000000000000e+00,        +0.00000000000000000e+00,        +0.00000000000000000e+00,        +0.00000000000000000e+00,        +0.00000000000000000e+00,        +0.00000000000000000e+00,        +0.00000000000000000e+00,        +0.00000000000000000e+00,        +0.00000000000000000e+00,        +0.00000000000000000e+00,        +0.00000000000000000e+00,        +0.00000000000000000e+00,        +0.00000000000000000e+00,        +0.00000000000000000e+00,        +0.00000000000000000e+00,        +0.00000000000000000e+00,        +0.00000000000000000e+00,        +0.00000000000000000e+00,        +0.00000000000000000e+00,        +0.00000000000000000e+00,        +0.00000000000000000e+00,        +0.00000000000000000e+00,        +0.00000000000000000e+00,        +0.00000000000000000e+00,        +0.00000000000000000e+00,        +0.00000000000000000e+00,        +0.00000000000000000e+00,        +0.00000000000000000e+00,        +0.00000000000000000e+00,        +0.00000000000000000e+00,        +0.00000000000000000e+00,        +0.00000000000000000e+00,        +0.00000000000000000e+00,        +0.00000000000000000e+00,        +0.00000000000000000e+00,        +0.00000000000000000e+00,        +0.00000000000000000e+00,        +0.00000000000000000e+00,        +0.00000000000000000e+00,        +0.00000000000000000e+00,        +0.00000000000000000e+00,        +0.00000000000000000e+00,        +0.00000000000000000e+00,        +0.00000000000000000e+00,        +0.00000000000000000e+00,        +0.00000000000000000e+00,        +0.00000000000000000e+00,        +0.00000000000000000e+00,        +0.00000000000000000e+00,        +0.00000000000000000e+00,        +0.00000000000000000e+00,        +0.00000000000000000e+00,        +0.00000000000000000e+00,        +0.00000000000000000e+00,        +0.00000000000000000e+00,        +0.00000000000000000e+00,        +0.00000000000000000e+00,        +0.00000000000000000e+00,        +0.00000000000000000e+00,        +0.00000000000000000e+00,        +0.00000000000000000e+00,        +0.00000000000000000e+00,        +0.00000000000000000e+00,        +0.00000000000000000e+00,        +0.00000000000000000e+00,        +0.00000000000000000e+00,        +1.00000000000000000e+00,        +0.00000000000000000e+00,        +0.00000000000000000e+00,        +0.00000000000000000e+00,        +0.00000000000000000e+00,        +0.00000000000000000e+00,        +0.00000000000000000e+00,        +0.00000000000000000e+00,        +0.00000000000000000e+00,        +0.00000000000000000e+00,        +0.00000000000000000e+00,        +0.00000000000000000e+00,        +0.00000000000000000e+00,        +0.00000000000000000e+00,        +0.00000000000000000e+00,        +0.00000000000000000e+00,        +0.00000000000000000e+00,        +0.00000000000000000e+00,        +0.00000000000000000e+00,        +0.00000000000000000e+00,        +0.00000000000000000e+00,        +0.00000000000000000e+00,        +0.00000000000000000e+00,        +0.00000000000000000e+00,        +0.00000000000000000e+00,        +0.00000000000000000e+00,        +0.00000000000000000e+00,        +0.00000000000000000e+00,        +0.00000000000000000e+00,        +0.00000000000000000e+00,        +0.00000000000000000e+00,        +0.00000000000000000e+00,        +0.00000000000000000e+00,        +0.00000000000000000e+00,        +0.00000000000000000e+00
        +0.00000000000000000e+00,        +0.00000000000000000e+00,        +0.00000000000000000e+00,        +0.00000000000000000e+00,        +0.00000000000000000e+00,        +0.00000000000000000e+00,        +0.00000000000000000e+00,        +0.00000000000000000e+00,        +0.00000000000000000e+00,        +0.00000000000000000e+00,        +0.00000000000000000e+00,        +0.00000000000000000e+00,        +0.00000000000000000e+00,        +0.00000000000000000e+00,        +0.00000000000000000e+00,        +0.00000000000000000e+00,        +0.00000000000000000e+00,        +0.00000000000000000e+00,        +0.00000000000000000e+00,        +0.00000000000000000e+00,        +0.00000000000000000e+00,        +0.00000000000000000e+00,        +0.00000000000000000e+00,        +0.00000000000000000e+00,        +0.00000000000000000e+00,        +0.00000000000000000e+00,        +0.00000000000000000e+00,        +0.00000000000000000e+00,        +0.00000000000000000e+00,        +0.00000000000000000e+00,        +0.00000000000000000e+00,        +0.00000000000000000e+00,        +0.00000000000000000e+00,        +0.00000000000000000e+00,        +0.00000000000000000e+00,        +0.00000000000000000e+00,        +0.00000000000000000e+00,        +0.00000000000000000e+00,        +0.00000000000000000e+00,        +0.00000000000000000e+00,        +0.00000000000000000e+00,        +0.00000000000000000e+00,        +0.00000000000000000e+00,        +0.00000000000000000e+00,        +0.00000000000000000e+00,        +0.00000000000000000e+00,        +0.00000000000000000e+00,        +0.00000000000000000e+00,        +0.00000000000000000e+00,        +0.00000000000000000e+00,        +0.00000000000000000e+00,        +0.00000000000000000e+00,        +0.00000000000000000e+00,        +0.00000000000000000e+00,        +0.00000000000000000e+00,        +0.00000000000000000e+00,        +0.00000000000000000e+00,        +0.00000000000000000e+00,        +0.00000000000000000e+00,        +0.00000000000000000e+00,        +0.00000000000000000e+00,        +0.00000000000000000e+00,        +0.00000000000000000e+00,        +0.00000000000000000e+00,        +0.00000000000000000e+00,        +0.00000000000000000e+00,        +0.00000000000000000e+00,        +0.00000000000000000e+00,        +0.00000000000000000e+00,        +0.00000000000000000e+00,        +0.00000000000000000e+00,        +0.00000000000000000e+00,        +0.00000000000000000e+00,        +0.00000000000000000e+00,        +1.00000000000000000e+00,        +0.00000000000000000e+00,        +0.00000000000000000e+00,        +0.00000000000000000e+00,        +0.00000000000000000e+00,        +0.00000000000000000e+00,        +0.00000000000000000e+00,        +0.00000000000000000e+00,        +0.00000000000000000e+00,        +0.00000000000000000e+00,        +0.00000000000000000e+00,        +0.00000000000000000e+00,        +0.00000000000000000e+00,        +0.00000000000000000e+00,        +0.00000000000000000e+00,        +0.00000000000000000e+00,        +0.00000000000000000e+00,        +0.00000000000000000e+00,        +0.00000000000000000e+00,        +0.00000000000000000e+00,        +0.00000000000000000e+00,        +0.00000000000000000e+00,        +0.00000000000000000e+00,        +0.00000000000000000e+00,        +0.00000000000000000e+00,        +0.00000000000000000e+00,        +0.00000000000000000e+00,        +0.00000000000000000e+00,        +0.00000000000000000e+00,        +0.00000000000000000e+00,        +0.00000000000000000e+00,        +0.00000000000000000e+00,        +0.00000000000000000e+00,        +0.00000000000000000e+00
        +0.00000000000000000e+00,        +0.00000000000000000e+00,        +0.00000000000000000e+00,        +0.00000000000000000e+00,        +0.00000000000000000e+00,        +0.00000000000000000e+00,        +0.00000000000000000e+00,        +0.00000000000000000e+00,        +0.00000000000000000e+00,        +0.00000000000000000e+00,        +0.00000000000000000e+00,        +0.00000000000000000e+00,        +0.00000000000000000e+00,        +0.00000000000000000e+00,        +0.00000000000000000e+00,        +0.00000000000000000e+00,        +0.00000000000000000e+00,        +0.00000000000000000e+00,        +0.00000000000000000e+00,        +0.00000000000000000e+00,        +0.00000000000000000e+00,        +0.00000000000000000e+00,        +0.00000000000000000e+00,        +0.00000000000000000e+00,        +0.00000000000000000e+00,        +0.00000000000000000e+00,        +0.00000000000000000e+00,        +0.00000000000000000e+00,        +0.00000000000000000e+00,        +0.00000000000000000e+00,        +0.00000000000000000e+00,        +0.00000000000000000e+00,        +0.00000000000000000e+00,        +0.00000000000000000e+00,        +0.00000000000000000e+00,        +0.00000000000000000e+00,        +0.00000000000000000e+00,        +0.00000000000000000e+00,        +0.00000000000000000e+00,        +0.00000000000000000e+00,        +0.00000000000000000e+00,        +0.00000000000000000e+00,        +0.00000000000000000e+00,        +0.00000000000000000e+00,        +0.00000000000000000e+00,        +0.00000000000000000e+00,        +0.00000000000000000e+00,        +0.00000000000000000e+00,        +0.00000000000000000e+00,        +0.00000000000000000e+00,        +0.00000000000000000e+00,        +0.00000000000000000e+00,        +0.00000000000000000e+00,        +0.00000000000000000e+00,        +0.00000000000000000e+00,        +0.00000000000000000e+00,        +0.00000000000000000e+00,        +0.00000000000000000e+00,        +0.00000000000000000e+00,        +0.00000000000000000e+00,        +0.00000000000000000e+00,        +0.00000000000000000e+00,        +0.00000000000000000e+00,        +0.00000000000000000e+00,        +0.00000000000000000e+00,        +0.00000000000000000e+00,        +0.00000000000000000e+00,        +0.00000000000000000e+00,        +0.00000000000000000e+00,        +0.00000000000000000e+00,        +0.00000000000000000e+00,        +0.00000000000000000e+00,        +0.00000000000000000e+00,        +0.00000000000000000e+00,        +0.00000000000000000e+00,        +1.00000000000000000e+00,        +0.00000000000000000e+00,        +0.00000000000000000e+00,        +0.00000000000000000e+00,        +0.00000000000000000e+00,        +0.00000000000000000e+00,        +0.00000000000000000e+00,        +0.00000000000000000e+00,        +0.00000000000000000e+00,        +0.00000000000000000e+00,        +0.00000000000000000e+00,        +0.00000000000000000e+00,        +0.00000000000000000e+00,        +0.00000000000000000e+00,        +0.00000000000000000e+00,        +0.00000000000000000e+00,        +0.00000000000000000e+00,        +0.00000000000000000e+00,        +0.00000000000000000e+00,        +0.00000000000000000e+00,        +0.00000000000000000e+00,        +0.00000000000000000e+00,        +0.00000000000000000e+00,        +0.00000000000000000e+00,        +0.00000000000000000e+00,        +0.00000000000000000e+00,        +0.00000000000000000e+00,        +0.00000000000000000e+00,        +0.00000000000000000e+00,        +0.00000000000000000e+00,        +0.00000000000000000e+00,        +0.00000000000000000e+00,        +0.00000000000000000e+00
        +0.00000000000000000e+00,        +0.00000000000000000e+00,        +0.00000000000000000e+00,        +0.00000000000000000e+00,        +0.00000000000000000e+00,        +0.00000000000000000e+00,        +0.00000000000000000e+00,        +0.00000000000000000e+00,        +0.00000000000000000e+00,        +0.00000000000000000e+00,        +0.00000000000000000e+00,        +0.00000000000000000e+00,        +0.00000000000000000e+00,        +0.00000000000000000e+00,        +0.00000000000000000e+00,        +0.00000000000000000e+00,        +0.00000000000000000e+00,        +0.00000000000000000e+00,        +0.00000000000000000e+00,        +0.00000000000000000e+00,        +0.00000000000000000e+00,        +0.00000000000000000e+00,        +0.00000000000000000e+00,        +0.00000000000000000e+00,        +0.00000000000000000e+00,        +0.00000000000000000e+00,        +0.00000000000000000e+00,        +0.00000000000000000e+00,        +0.00000000000000000e+00,        +0.00000000000000000e+00,        +0.00000000000000000e+00,        +0.00000000000000000e+00,        +0.00000000000000000e+00,        +0.00000000000000000e+00,        +0.00000000000000000e+00,        +0.00000000000000000e+00,        +0.00000000000000000e+00,        +0.00000000000000000e+00,        +0.00000000000000000e+00,        +0.00000000000000000e+00,        +0.00000000000000000e+00,        +0.00000000000000000e+00,        +0.00000000000000000e+00,        +0.00000000000000000e+00,        +0.00000000000000000e+00,        +0.00000000000000000e+00,        +0.00000000000000000e+00,        +0.00000000000000000e+00,        +0.00000000000000000e+00,        +0.00000000000000000e+00,        +0.00000000000000000e+00,        +0.00000000000000000e+00,        +0.00000000000000000e+00,        +0.00000000000000000e+00,        +0.00000000000000000e+00,        +0.00000000000000000e+00,        +0.00000000000000000e+00,        +0.00000000000000000e+00,        +0.00000000000000000e+00,        +0.00000000000000000e+00,        +0.00000000000000000e+00,        +0.00000000000000000e+00,        +0.00000000000000000e+00,        +0.00000000000000000e+00,        +0.00000000000000000e+00,        +0.00000000000000000e+00,        +0.00000000000000000e+00,        +0.00000000000000000e+00,        +0.00000000000000000e+00,        +0.00000000000000000e+00,        +0.00000000000000000e+00,        +0.00000000000000000e+00,        +0.00000000000000000e+00,        +0.00000000000000000e+00,        +0.00000000000000000e+00,        +0.00000000000000000e+00,        +1.00000000000000000e+00,        +0.00000000000000000e+00,        +0.00000000000000000e+00,        +0.00000000000000000e+00,        +0.00000000000000000e+00,        +0.00000000000000000e+00,        +0.00000000000000000e+00,        +0.00000000000000000e+00,        +0.00000000000000000e+00,        +0.00000000000000000e+00,        +0.00000000000000000e+00,        +0.00000000000000000e+00,        +0.00000000000000000e+00,        +0.00000000000000000e+00,        +0.00000000000000000e+00,        +0.00000000000000000e+00,        +0.00000000000000000e+00,        +0.00000000000000000e+00,        +0.00000000000000000e+00,        +0.00000000000000000e+00,        +0.00000000000000000e+00,        +0.00000000000000000e+00,        +0.00000000000000000e+00,        +0.00000000000000000e+00,        +0.00000000000000000e+00,        +0.00000000000000000e+00,        +0.00000000000000000e+00,        +0.00000000000000000e+00,        +0.00000000000000000e+00,        +0.00000000000000000e+00,        +0.00000000000000000e+00,        +0.00000000000000000e+00
        +0.00000000000000000e+00,        +0.00000000000000000e+00,        +0.00000000000000000e+00,        +0.00000000000000000e+00,        +0.00000000000000000e+00,        +0.00000000000000000e+00,        +0.00000000000000000e+00,        +0.00000000000000000e+00,        +0.00000000000000000e+00,        +0.00000000000000000e+00,        +0.00000000000000000e+00,        +0.00000000000000000e+00,        +0.00000000000000000e+00,        +0.00000000000000000e+00,        +0.00000000000000000e+00,        +0.00000000000000000e+00,        +0.00000000000000000e+00,        +0.00000000000000000e+00,        +0.00000000000000000e+00,        +0.00000000000000000e+00,        +0.00000000000000000e+00,        +0.00000000000000000e+00,        +0.00000000000000000e+00,        +0.00000000000000000e+00,        +0.00000000000000000e+00,        +0.00000000000000000e+00,        +0.00000000000000000e+00,        +0.00000000000000000e+00,        +0.00000000000000000e+00,        +0.00000000000000000e+00,        +0.00000000000000000e+00,        +0.00000000000000000e+00,        +0.00000000000000000e+00,        +0.00000000000000000e+00,        +0.00000000000000000e+00,        +0.00000000000000000e+00,        +0.00000000000000000e+00,        +0.00000000000000000e+00,        +0.00000000000000000e+00,        +0.00000000000000000e+00,        +0.00000000000000000e+00,        +0.00000000000000000e+00,        +0.00000000000000000e+00,        +0.00000000000000000e+00,        +0.00000000000000000e+00,        +0.00000000000000000e+00,        +0.00000000000000000e+00,        +0.00000000000000000e+00,        +0.00000000000000000e+00,        +0.00000000000000000e+00,        +0.00000000000000000e+00,        +0.00000000000000000e+00,        +0.00000000000000000e+00,        +0.00000000000000000e+00,        +0.00000000000000000e+00,        +0.00000000000000000e+00,        +0.00000000000000000e+00,        +0.00000000000000000e+00,        +0.00000000000000000e+00,        +0.00000000000000000e+00,        +0.00000000000000000e+00,        +0.00000000000000000e+00,        +0.00000000000000000e+00,        +0.00000000000000000e+00,        +0.00000000000000000e+00,        +0.00000000000000000e+00,        +0.00000000000000000e+00,        +0.00000000000000000e+00,        +0.00000000000000000e+00,        +0.00000000000000000e+00,        +0.00000000000000000e+00,        +0.00000000000000000e+00,        +0.00000000000000000e+00,        +0.00000000000000000e+00,        +0.00000000000000000e+00,        +0.00000000000000000e+00,        +0.00000000000000000e+00,        +1.00000000000000000e+00,        +0.00000000000000000e+00,        +0.00000000000000000e+00,        +0.00000000000000000e+00,        +0.00000000000000000e+00,        +0.00000000000000000e+00,        +0.00000000000000000e+00,        +0.00000000000000000e+00,        +0.00000000000000000e+00,        +0.00000000000000000e+00,        +0.00000000000000000e+00,        +0.00000000000000000e+00,        +0.00000000000000000e+00,        +0.00000000000000000e+00,        +0.00000000000000000e+00,        +0.00000000000000000e+00,        +0.00000000000000000e+00,        +0.00000000000000000e+00,        +0.00000000000000000e+00,        +0.00000000000000000e+00,        +0.00000000000000000e+00,        +0.00000000000000000e+00,        +0.00000000000000000e+00,        +0.00000000000000000e+00,        +0.00000000000000000e+00,        +0.00000000000000000e+00,        +0.00000000000000000e+00,        +0.00000000000000000e+00,        +0.00000000000000000e+00,        +0.00000000000000000e+00,        +0.00000000000000000e+00
        +0.00000000000000000e+00,        +0.00000000000000000e+00,        +0.00000000000000000e+00,        +0.00000000000000000e+00,        +0.00000000000000000e+00,        +0.00000000000000000e+00,        +0.00000000000000000e+00,        +0.00000000000000000e+00,        +0.00000000000000000e+00,        +0.00000000000000000e+00,        +0.00000000000000000e+00,        +0.00000000000000000e+00,        +0.00000000000000000e+00,        +0.00000000000000000e+00,        +0.00000000000000000e+00,        +0.00000000000000000e+00,        +0.00000000000000000e+00,        +0.00000000000000000e+00,        +0.00000000000000000e+00,        +0.00000000000000000e+00,        +0.00000000000000000e+00,        +0.00000000000000000e+00,        +0.00000000000000000e+00,        +0.00000000000000000e+00,        +0.00000000000000000e+00,        +0.00000000000000000e+00,        +0.00000000000000000e+00,        +0.00000000000000000e+00,        +0.00000000000000000e+00,        +0.00000000000000000e+00,        +0.00000000000000000e+00,        +0.00000000000000000e+00,        +0.00000000000000000e+00,        +0.00000000000000000e+00,        +0.00000000000000000e+00,        +0.00000000000000000e+00,        +0.00000000000000000e+00,        +0.00000000000000000e+00,        +0.00000000000000000e+00,        +0.00000000000000000e+00,        +0.00000000000000000e+00,        +0.00000000000000000e+00,        +0.00000000000000000e+00,        +0.00000000000000000e+00,        +0.00000000000000000e+00,        +0.00000000000000000e+00,        +0.00000000000000000e+00,        +0.00000000000000000e+00,        +0.00000000000000000e+00,        +0.00000000000000000e+00,        +0.00000000000000000e+00,        +0.00000000000000000e+00,        +0.00000000000000000e+00,        +0.00000000000000000e+00,        +0.00000000000000000e+00,        +0.00000000000000000e+00,        +0.00000000000000000e+00,        +0.00000000000000000e+00,        +0.00000000000000000e+00,        +0.00000000000000000e+00,        +0.00000000000000000e+00,        +0.00000000000000000e+00,        +0.00000000000000000e+00,        +0.00000000000000000e+00,        +0.00000000000000000e+00,        +0.00000000000000000e+00,        +0.00000000000000000e+00,        +0.00000000000000000e+00,        +0.00000000000000000e+00,        +0.00000000000000000e+00,        +0.00000000000000000e+00,        +0.00000000000000000e+00,        +0.00000000000000000e+00,        +0.00000000000000000e+00,        +0.00000000000000000e+00,        +0.00000000000000000e+00,        +0.00000000000000000e+00,        +0.00000000000000000e+00,        +1.00000000000000000e+00,        +0.00000000000000000e+00,        +0.00000000000000000e+00,        +0.00000000000000000e+00,        +0.00000000000000000e+00,        +0.00000000000000000e+00,        +0.00000000000000000e+00,        +0.00000000000000000e+00,        +0.00000000000000000e+00,        +0.00000000000000000e+00,        +0.00000000000000000e+00,        +0.00000000000000000e+00,        +0.00000000000000000e+00,        +0.00000000000000000e+00,        +0.00000000000000000e+00,        +0.00000000000000000e+00,        +0.00000000000000000e+00,        +0.00000000000000000e+00,        +0.00000000000000000e+00,        +0.00000000000000000e+00,        +0.00000000000000000e+00,        +0.00000000000000000e+00,        +0.00000000000000000e+00,        +0.00000000000000000e+00,        +0.00000000000000000e+00,        +0.00000000000000000e+00,        +0.00000000000000000e+00,        +0.00000000000000000e+00,        +0.00000000000000000e+00,        +0.00000000000000000e+00
        +0.00000000000000000e+00,        +0.00000000000000000e+00,        +0.00000000000000000e+00,        +0.00000000000000000e+00,        +0.00000000000000000e+00,        +0.00000000000000000e+00,        +0.00000000000000000e+00,        +0.00000000000000000e+00,        +0.00000000000000000e+00,        +0.00000000000000000e+00,        +0.00000000000000000e+00,        +0.00000000000000000e+00,        +0.00000000000000000e+00,        +0.00000000000000000e+00,        +0.00000000000000000e+00,        +0.00000000000000000e+00,        +0.00000000000000000e+00,        +0.00000000000000000e+00,        +0.00000000000000000e+00,        +0.00000000000000000e+00,        +0.00000000000000000e+00,        +0.00000000000000000e+00,        +0.00000000000000000e+00,        +0.00000000000000000e+00,        +0.00000000000000000e+00,        +0.00000000000000000e+00,        +0.00000000000000000e+00,        +0.00000000000000000e+00,        +0.00000000000000000e+00,        +0.00000000000000000e+00,        +0.00000000000000000e+00,        +0.00000000000000000e+00,        +0.00000000000000000e+00,        +0.00000000000000000e+00,        +0.00000000000000000e+00,        +0.00000000000000000e+00,        +0.00000000000000000e+00,        +0.00000000000000000e+00,        +0.00000000000000000e+00,        +0.00000000000000000e+00,        +0.00000000000000000e+00,        +0.00000000000000000e+00,        +0.00000000000000000e+00,        +0.00000000000000000e+00,        +0.00000000000000000e+00,        +0.00000000000000000e+00,        +0.00000000000000000e+00,        +0.00000000000000000e+00,        +0.00000000000000000e+00,        +0.00000000000000000e+00,        +0.00000000000000000e+00,        +0.00000000000000000e+00,        +0.00000000000000000e+00,        +0.00000000000000000e+00,        +0.00000000000000000e+00,        +0.00000000000000000e+00,        +0.00000000000000000e+00,        +0.00000000000000000e+00,        +0.00000000000000000e+00,        +0.00000000000000000e+00,        +0.00000000000000000e+00,        +0.00000000000000000e+00,        +0.00000000000000000e+00,        +0.00000000000000000e+00,        +0.00000000000000000e+00,        +0.00000000000000000e+00,        +0.00000000000000000e+00,        +0.00000000000000000e+00,        +0.00000000000000000e+00,        +0.00000000000000000e+00,        +0.00000000000000000e+00,        +0.00000000000000000e+00,        +0.00000000000000000e+00,        +0.00000000000000000e+00,        +0.00000000000000000e+00,        +0.00000000000000000e+00,        +0.00000000000000000e+00,        +0.00000000000000000e+00,        +0.00000000000000000e+00,        +1.00000000000000000e+00,        +0.00000000000000000e+00,        +0.00000000000000000e+00,        +0.00000000000000000e+00,        +0.00000000000000000e+00,        +0.00000000000000000e+00,        +0.00000000000000000e+00,        +0.00000000000000000e+00,        +0.00000000000000000e+00,        +0.00000000000000000e+00,        +0.00000000000000000e+00,        +0.00000000000000000e+00,        +0.00000000000000000e+00,        +0.00000000000000000e+00,        +0.00000000000000000e+00,        +0.00000000000000000e+00,        +0.00000000000000000e+00,        +0.00000000000000000e+00,        +0.00000000000000000e+00,        +0.00000000000000000e+00,        +0.00000000000000000e+00,        +0.00000000000000000e+00,        +0.00000000000000000e+00,        +0.00000000000000000e+00,        +0.00000000000000000e+00,        +0.00000000000000000e+00,        +0.00000000000000000e+00,        +0.00000000000000000e+00,        +0.00000000000000000e+00
        +0.00000000000000000e+00,        +0.00000000000000000e+00,        +0.00000000000000000e+00,        +0.00000000000000000e+00,        +0.00000000000000000e+00,        +0.00000000000000000e+00,        +0.00000000000000000e+00,        +0.00000000000000000e+00,        +0.00000000000000000e+00,        +0.00000000000000000e+00,        +0.00000000000000000e+00,        +0.00000000000000000e+00,        +0.00000000000000000e+00,        +0.00000000000000000e+00,        +0.00000000000000000e+00,        +0.00000000000000000e+00,        +0.00000000000000000e+00,        +0.00000000000000000e+00,        +0.00000000000000000e+00,        +0.00000000000000000e+00,        +0.00000000000000000e+00,        +0.00000000000000000e+00,        +0.00000000000000000e+00,        +0.00000000000000000e+00,        +0.00000000000000000e+00,        +0.00000000000000000e+00,        +0.00000000000000000e+00,        +0.00000000000000000e+00,        +0.00000000000000000e+00,        +0.00000000000000000e+00,        +0.00000000000000000e+00,        +0.00000000000000000e+00,        +0.00000000000000000e+00,        +0.00000000000000000e+00,        +0.00000000000000000e+00,        +0.00000000000000000e+00,        +0.00000000000000000e+00,        +0.00000000000000000e+00,        +0.00000000000000000e+00,        +0.00000000000000000e+00,        +0.00000000000000000e+00,        +0.00000000000000000e+00,        +0.00000000000000000e+00,        +0.00000000000000000e+00,        +0.00000000000000000e+00,        +0.00000000000000000e+00,        +0.00000000000000000e+00,        +0.00000000000000000e+00,        +0.00000000000000000e+00,        +0.00000000000000000e+00,        +0.00000000000000000e+00,        +0.00000000000000000e+00,        +0.00000000000000000e+00,        +0.00000000000000000e+00,        +0.00000000000000000e+00,        +0.00000000000000000e+00,        +0.00000000000000000e+00,        +0.00000000000000000e+00,        +0.00000000000000000e+00,        +0.00000000000000000e+00,        +0.00000000000000000e+00,        +0.00000000000000000e+00,        +0.00000000000000000e+00,        +0.00000000000000000e+00,        +0.00000000000000000e+00,        +0.00000000000000000e+00,        +0.00000000000000000e+00,        +0.00000000000000000e+00,        +0.00000000000000000e+00,        +0.00000000000000000e+00,        +0.00000000000000000e+00,        +0.00000000000000000e+00,        +0.00000000000000000e+00,        +0.00000000000000000e+00,        +0.00000000000000000e+00,        +0.00000000000000000e+00,        +0.00000000000000000e+00,        +0.00000000000000000e+00,        +0.00000000000000000e+00,        +0.00000000000000000e+00,        +1.00000000000000000e+00,        +0.00000000000000000e+00,        +0.00000000000000000e+00,        +0.00000000000000000e+00,        +0.00000000000000000e+00,        +0.00000000000000000e+00,        +0.00000000000000000e+00,        +0.00000000000000000e+00,        +0.00000000000000000e+00,        +0.00000000000000000e+00,        +0.00000000000000000e+00,        +0.00000000000000000e+00,        +0.00000000000000000e+00,        +0.00000000000000000e+00,        +0.00000000000000000e+00,        +0.00000000000000000e+00,        +0.00000000000000000e+00,        +0.00000000000000000e+00,        +0.00000000000000000e+00,        +0.00000000000000000e+00,        +0.00000000000000000e+00,        +0.00000000000000000e+00,        +0.00000000000000000e+00,        +0.00000000000000000e+00,        +0.00000000000000000e+00,        +0.00000000000000000e+00,        +0.00000000000000000e+00,        +0.00000000000000000e+00
        +0.00000000000000000e+00,        +0.00000000000000000e+00,        +0.00000000000000000e+00,        +0.00000000000000000e+00,        +0.00000000000000000e+00,        +0.00000000000000000e+00,        +0.00000000000000000e+00,        +0.00000000000000000e+00,        +0.00000000000000000e+00,        +0.00000000000000000e+00,        +0.00000000000000000e+00,        +0.00000000000000000e+00,        +0.00000000000000000e+00,        +0.00000000000000000e+00,        +0.00000000000000000e+00,        +0.00000000000000000e+00,        +0.00000000000000000e+00,        +0.00000000000000000e+00,        +0.00000000000000000e+00,        +0.00000000000000000e+00,        +0.00000000000000000e+00,        +0.00000000000000000e+00,        +0.00000000000000000e+00,        +0.00000000000000000e+00,        +0.00000000000000000e+00,        +0.00000000000000000e+00,        +0.00000000000000000e+00,        +0.00000000000000000e+00,        +0.00000000000000000e+00,        +0.00000000000000000e+00,        +0.00000000000000000e+00,        +0.00000000000000000e+00,        +0.00000000000000000e+00,        +0.00000000000000000e+00,        +0.00000000000000000e+00,        +0.00000000000000000e+00,        +0.00000000000000000e+00,        +0.00000000000000000e+00,        +0.00000000000000000e+00,        +0.00000000000000000e+00,        +0.00000000000000000e+00,        +0.00000000000000000e+00,        +0.00000000000000000e+00,        +0.00000000000000000e+00,        +0.00000000000000000e+00,        +0.00000000000000000e+00,        +0.00000000000000000e+00,        +0.00000000000000000e+00,        +0.00000000000000000e+00,        +0.00000000000000000e+00,        +0.00000000000000000e+00,        +0.00000000000000000e+00,        +0.00000000000000000e+00,        +0.00000000000000000e+00,        +0.00000000000000000e+00,        +0.00000000000000000e+00,        +0.00000000000000000e+00,        +0.00000000000000000e+00,        +0.00000000000000000e+00,        +0.00000000000000000e+00,        +0.00000000000000000e+00,        +0.00000000000000000e+00,        +0.00000000000000000e+00,        +0.00000000000000000e+00,        +0.00000000000000000e+00,        +0.00000000000000000e+00,        +0.00000000000000000e+00,        +0.00000000000000000e+00,        +0.00000000000000000e+00,        +0.00000000000000000e+00,        +0.00000000000000000e+00,        +0.00000000000000000e+00,        +0.00000000000000000e+00,        +0.00000000000000000e+00,        +0.00000000000000000e+00,        +0.00000000000000000e+00,        +0.00000000000000000e+00,        +0.00000000000000000e+00,        +0.00000000000000000e+00,        +0.00000000000000000e+00,        +0.00000000000000000e+00,        +1.00000000000000000e+00,        +0.00000000000000000e+00,        +0.00000000000000000e+00,        +0.00000000000000000e+00,        +0.00000000000000000e+00,        +0.00000000000000000e+00,        +0.00000000000000000e+00,        +0.00000000000000000e+00,        +0.00000000000000000e+00,        +0.00000000000000000e+00,        +0.00000000000000000e+00,        +0.00000000000000000e+00,        +0.00000000000000000e+00,        +0.00000000000000000e+00,        +0.00000000000000000e+00,        +0.00000000000000000e+00,        +0.00000000000000000e+00,        +0.00000000000000000e+00,        +0.00000000000000000e+00,        +0.00000000000000000e+00,        +0.00000000000000000e+00,        +0.00000000000000000e+00,        +0.00000000000000000e+00,        +0.00000000000000000e+00,        +0.00000000000000000e+00,        +0.00000000000000000e+00,        +0.00000000000000000e+00
        +0.00000000000000000e+00,        +0.00000000000000000e+00,        +0.00000000000000000e+00,        +0.00000000000000000e+00,        +0.00000000000000000e+00,        +0.00000000000000000e+00,        +0.00000000000000000e+00,        +0.00000000000000000e+00,        +0.00000000000000000e+00,        +0.00000000000000000e+00,        +0.00000000000000000e+00,        +0.00000000000000000e+00,        +0.00000000000000000e+00,        +0.00000000000000000e+00,        +0.00000000000000000e+00,        +0.00000000000000000e+00,        +0.00000000000000000e+00,        +0.00000000000000000e+00,        +0.00000000000000000e+00,        +0.00000000000000000e+00,        +0.00000000000000000e+00,        +0.00000000000000000e+00,        +0.00000000000000000e+00,        +0.00000000000000000e+00,        +0.00000000000000000e+00,        +0.00000000000000000e+00,        +0.00000000000000000e+00,        +0.00000000000000000e+00,        +0.00000000000000000e+00,        +0.00000000000000000e+00,        +0.00000000000000000e+00,        +0.00000000000000000e+00,        +0.00000000000000000e+00,        +0.00000000000000000e+00,        +0.00000000000000000e+00,        +0.00000000000000000e+00,        +0.00000000000000000e+00,        +0.00000000000000000e+00,        +0.00000000000000000e+00,        +0.00000000000000000e+00,        +0.00000000000000000e+00,        +0.00000000000000000e+00,        +0.00000000000000000e+00,        +0.00000000000000000e+00,        +0.00000000000000000e+00,        +0.00000000000000000e+00,        +0.00000000000000000e+00,        +0.00000000000000000e+00,        +0.00000000000000000e+00,        +0.00000000000000000e+00,        +0.00000000000000000e+00,        +0.00000000000000000e+00,        +0.00000000000000000e+00,        +0.00000000000000000e+00,        +0.00000000000000000e+00,        +0.00000000000000000e+00,        +0.00000000000000000e+00,        +0.00000000000000000e+00,        +0.00000000000000000e+00,        +0.00000000000000000e+00,        +0.00000000000000000e+00,        +0.00000000000000000e+00,        +0.00000000000000000e+00,        +0.00000000000000000e+00,        +0.00000000000000000e+00,        +0.00000000000000000e+00,        +0.00000000000000000e+00,        +0.00000000000000000e+00,        +0.00000000000000000e+00,        +0.00000000000000000e+00,        +0.00000000000000000e+00,        +0.00000000000000000e+00,        +0.00000000000000000e+00,        +0.00000000000000000e+00,        +0.00000000000000000e+00,        +0.00000000000000000e+00,        +0.00000000000000000e+00,        +0.00000000000000000e+00,        +0.00000000000000000e+00,        +0.00000000000000000e+00,        +0.00000000000000000e+00,        +0.00000000000000000e+00,        +1.00000000000000000e+00,        +0.00000000000000000e+00,        +0.00000000000000000e+00,        +0.00000000000000000e+00,        +0.00000000000000000e+00,        +0.00000000000000000e+00,        +0.00000000000000000e+00,        +0.00000000000000000e+00,        +0.00000000000000000e+00,        +0.00000000000000000e+00,        +0.00000000000000000e+00,        +0.00000000000000000e+00,        +0.00000000000000000e+00,        +0.00000000000000000e+00,        +0.00000000000000000e+00,        +0.00000000000000000e+00,        +0.00000000000000000e+00,        +0.00000000000000000e+00,        +0.00000000000000000e+00,        +0.00000000000000000e+00,        +0.00000000000000000e+00,        +0.00000000000000000e+00,        +0.00000000000000000e+00,        +0.00000000000000000e+00,        +0.00000000000000000e+00,        +0.00000000000000000e+00
        +0.00000000000000000e+00,        +0.00000000000000000e+00,        +0.00000000000000000e+00,        +0.00000000000000000e+00,        +0.00000000000000000e+00,        +0.00000000000000000e+00,        +0.00000000000000000e+00,        +0.00000000000000000e+00,        +0.00000000000000000e+00,        +0.00000000000000000e+00,        +0.00000000000000000e+00,        +0.00000000000000000e+00,        +0.00000000000000000e+00,        +0.00000000000000000e+00,        +0.00000000000000000e+00,        +0.00000000000000000e+00,        +0.00000000000000000e+00,        +0.00000000000000000e+00,        +0.00000000000000000e+00,        +0.00000000000000000e+00,        +0.00000000000000000e+00,        +0.00000000000000000e+00,        +0.00000000000000000e+00,        +0.00000000000000000e+00,        +0.00000000000000000e+00,        +0.00000000000000000e+00,        +0.00000000000000000e+00,        +0.00000000000000000e+00,        +0.00000000000000000e+00,        +0.00000000000000000e+00,        +0.00000000000000000e+00,        +0.00000000000000000e+00,        +0.00000000000000000e+00,        +0.00000000000000000e+00,        +0.00000000000000000e+00,        +0.00000000000000000e+00,        +0.00000000000000000e+00,        +0.00000000000000000e+00,        +0.00000000000000000e+00,        +0.00000000000000000e+00,        +0.00000000000000000e+00,        +0.00000000000000000e+00,        +0.00000000000000000e+00,        +0.00000000000000000e+00,        +0.00000000000000000e+00,        +0.00000000000000000e+00,        +0.00000000000000000e+00,        +0.00000000000000000e+00,        +0.00000000000000000e+00,        +0.00000000000000000e+00,        +0.00000000000000000e+00,        +0.00000000000000000e+00,        +0.00000000000000000e+00,        +0.00000000000000000e+00,        +0.00000000000000000e+00,        +0.00000000000000000e+00,        +0.00000000000000000e+00,        +0.00000000000000000e+00,        +0.00000000000000000e+00,        +0.00000000000000000e+00,        +0.00000000000000000e+00,        +0.00000000000000000e+00,        +0.00000000000000000e+00,        +0.00000000000000000e+00,        +0.00000000000000000e+00,        +0.00000000000000000e+00,        +0.00000000000000000e+00,        +0.00000000000000000e+00,        +0.00000000000000000e+00,        +0.00000000000000000e+00,        +0.00000000000000000e+00,        +0.00000000000000000e+00,        +0.00000000000000000e+00,        +0.00000000000000000e+00,        +0.00000000000000000e+00,        +0.00000000000000000e+00,        +0.00000000000000000e+00,        +0.00000000000000000e+00,        +0.00000000000000000e+00,        +0.00000000000000000e+00,        +0.00000000000000000e+00,        +0.00000000000000000e+00,        +0.00000000000000000e+00,        +1.00000000000000000e+00,        +0.00000000000000000e+00,        +0.00000000000000000e+00,        +0.00000000000000000e+00,        +0.00000000000000000e+00,        +0.00000000000000000e+00,        +0.00000000000000000e+00,        +0.00000000000000000e+00,        +0.00000000000000000e+00,        +0.00000000000000000e+00,        +0.00000000000000000e+00,        +0.00000000000000000e+00,        +0.00000000000000000e+00,        +0.00000000000000000e+00,        +0.00000000000000000e+00,        +0.00000000000000000e+00,        +0.00000000000000000e+00,        +0.00000000000000000e+00,        +0.00000000000000000e+00,        +0.00000000000000000e+00,        +0.00000000000000000e+00,        +0.00000000000000000e+00,        +0.00000000000000000e+00,        +0.00000000000000000e+00,        +0.00000000000000000e+00
        +0.00000000000000000e+00,        +0.00000000000000000e+00,        +0.00000000000000000e+00,        +0.00000000000000000e+00,        +0.00000000000000000e+00,        +0.00000000000000000e+00,        +0.00000000000000000e+00,        +0.00000000000000000e+00,        +0.00000000000000000e+00,        +0.00000000000000000e+00,        +0.00000000000000000e+00,        +0.00000000000000000e+00,        +0.00000000000000000e+00,        +0.00000000000000000e+00,        +0.00000000000000000e+00,        +0.00000000000000000e+00,        +0.00000000000000000e+00,        +0.00000000000000000e+00,        +0.00000000000000000e+00,        +0.00000000000000000e+00,        +0.00000000000000000e+00,        +0.00000000000000000e+00,        +0.00000000000000000e+00,        +0.00000000000000000e+00,        +0.00000000000000000e+00,        +0.00000000000000000e+00,        +0.00000000000000000e+00,        +0.00000000000000000e+00,        +0.00000000000000000e+00,        +0.00000000000000000e+00,        +0.00000000000000000e+00,        +0.00000000000000000e+00,        +0.00000000000000000e+00,        +0.00000000000000000e+00,        +0.00000000000000000e+00,        +0.00000000000000000e+00,        +0.00000000000000000e+00,        +0.00000000000000000e+00,        +0.00000000000000000e+00,        +0.00000000000000000e+00,        +0.00000000000000000e+00,        +0.00000000000000000e+00,        +0.00000000000000000e+00,        +0.00000000000000000e+00,        +0.00000000000000000e+00,        +0.00000000000000000e+00,        +0.00000000000000000e+00,        +0.00000000000000000e+00,        +0.00000000000000000e+00,        +0.00000000000000000e+00,        +0.00000000000000000e+00,        +0.00000000000000000e+00,        +0.00000000000000000e+00,        +0.00000000000000000e+00,        +0.00000000000000000e+00,        +0.00000000000000000e+00,        +0.00000000000000000e+00,        +0.00000000000000000e+00,        +0.00000000000000000e+00,        +0.00000000000000000e+00,        +0.00000000000000000e+00,        +0.00000000000000000e+00,        +0.00000000000000000e+00,        +0.00000000000000000e+00,        +0.00000000000000000e+00,        +0.00000000000000000e+00,        +0.00000000000000000e+00,        +0.00000000000000000e+00,        +0.00000000000000000e+00,        +0.00000000000000000e+00,        +0.00000000000000000e+00,        +0.00000000000000000e+00,        +0.00000000000000000e+00,        +0.00000000000000000e+00,        +0.00000000000000000e+00,        +0.00000000000000000e+00,        +0.00000000000000000e+00,        +0.00000000000000000e+00,        +0.00000000000000000e+00,        +0.00000000000000000e+00,        +0.00000000000000000e+00,        +0.00000000000000000e+00,        +0.00000000000000000e+00,        +0.00000000000000000e+00,        +1.00000000000000000e+00,        +0.00000000000000000e+00,        +0.00000000000000000e+00,        +0.00000000000000000e+00,        +0.00000000000000000e+00,        +0.00000000000000000e+00,        +0.00000000000000000e+00,        +0.00000000000000000e+00,        +0.00000000000000000e+00,        +0.00000000000000000e+00,        +0.00000000000000000e+00,        +0.00000000000000000e+00,        +0.00000000000000000e+00,        +0.00000000000000000e+00,        +0.00000000000000000e+00,        +0.00000000000000000e+00,        +0.00000000000000000e+00,        +0.00000000000000000e+00,        +0.00000000000000000e+00,        +0.00000000000000000e+00,        +0.00000000000000000e+00,        +0.00000000000000000e+00,        +0.00000000000000000e+00,        +0.00000000000000000e+00
        +0.00000000000000000e+00,        +0.00000000000000000e+00,        +0.00000000000000000e+00,        +0.00000000000000000e+00,        +0.00000000000000000e+00,        +0.00000000000000000e+00,        +0.00000000000000000e+00,        +0.00000000000000000e+00,        +0.00000000000000000e+00,        +0.00000000000000000e+00,        +0.00000000000000000e+00,        +0.00000000000000000e+00,        +0.00000000000000000e+00,        +0.00000000000000000e+00,        +0.00000000000000000e+00,        +0.00000000000000000e+00,        +0.00000000000000000e+00,        +0.00000000000000000e+00,        +0.00000000000000000e+00,        +0.00000000000000000e+00,        +0.00000000000000000e+00,        +0.00000000000000000e+00,        +0.00000000000000000e+00,        +0.00000000000000000e+00,        +0.00000000000000000e+00,        +0.00000000000000000e+00,        +0.00000000000000000e+00,        +0.00000000000000000e+00,        +0.00000000000000000e+00,        +0.00000000000000000e+00,        +0.00000000000000000e+00,        +0.00000000000000000e+00,        +0.00000000000000000e+00,        +0.00000000000000000e+00,        +0.00000000000000000e+00,        +0.00000000000000000e+00,        +0.00000000000000000e+00,        +0.00000000000000000e+00,        +0.00000000000000000e+00,        +0.00000000000000000e+00,        +0.00000000000000000e+00,        +0.00000000000000000e+00,        +0.00000000000000000e+00,        +0.00000000000000000e+00,        +0.00000000000000000e+00,        +0.00000000000000000e+00,        +0.00000000000000000e+00,        +0.00000000000000000e+00,        +0.00000000000000000e+00,        +0.00000000000000000e+00,        +0.00000000000000000e+00,        +0.00000000000000000e+00,        +0.00000000000000000e+00,        +0.00000000000000000e+00,        +0.00000000000000000e+00,        +0.00000000000000000e+00,        +0.00000000000000000e+00,        +0.00000000000000000e+00,        +0.00000000000000000e+00,        +0.00000000000000000e+00,        +0.00000000000000000e+00,        +0.00000000000000000e+00,        +0.00000000000000000e+00,        +0.00000000000000000e+00,        +0.00000000000000000e+00,        +0.00000000000000000e+00,        +0.00000000000000000e+00,        +0.00000000000000000e+00,        +0.00000000000000000e+00,        +0.00000000000000000e+00,        +0.00000000000000000e+00,        +0.00000000000000000e+00,        +0.00000000000000000e+00,        +0.00000000000000000e+00,        +0.00000000000000000e+00,        +0.00000000000000000e+00,        +0.00000000000000000e+00,        +0.00000000000000000e+00,        +0.00000000000000000e+00,        +0.00000000000000000e+00,        +0.00000000000000000e+00,        +0.00000000000000000e+00,        +0.00000000000000000e+00,        +0.00000000000000000e+00,        +0.00000000000000000e+00,        +1.00000000000000000e+00,        +0.00000000000000000e+00,        +0.00000000000000000e+00,        +0.00000000000000000e+00,        +0.00000000000000000e+00,        +0.00000000000000000e+00,        +0.00000000000000000e+00,        +0.00000000000000000e+00,        +0.00000000000000000e+00,        +0.00000000000000000e+00,        +0.00000000000000000e+00,        +0.00000000000000000e+00,        +0.00000000000000000e+00,        +0.00000000000000000e+00,        +0.00000000000000000e+00,        +0.00000000000000000e+00,        +0.00000000000000000e+00,        +0.00000000000000000e+00,        +0.00000000000000000e+00,        +0.00000000000000000e+00,        +0.00000000000000000e+00,        +0.00000000000000000e+00,        +0.00000000000000000e+00
        +0.00000000000000000e+00,        +0.00000000000000000e+00,        +0.00000000000000000e+00,        +0.00000000000000000e+00,        +0.00000000000000000e+00,        +0.00000000000000000e+00,        +0.00000000000000000e+00,        +0.00000000000000000e+00,        +0.00000000000000000e+00,        +0.00000000000000000e+00,        +0.00000000000000000e+00,        +0.00000000000000000e+00,        +0.00000000000000000e+00,        +0.00000000000000000e+00,        +0.00000000000000000e+00,        +0.00000000000000000e+00,        +0.00000000000000000e+00,        +0.00000000000000000e+00,        +0.00000000000000000e+00,        +0.00000000000000000e+00,        +0.00000000000000000e+00,        +0.00000000000000000e+00,        +0.00000000000000000e+00,        +0.00000000000000000e+00,        +0.00000000000000000e+00,        +0.00000000000000000e+00,        +0.00000000000000000e+00,        +0.00000000000000000e+00,        +0.00000000000000000e+00,        +0.00000000000000000e+00,        +0.00000000000000000e+00,        +0.00000000000000000e+00,        +0.00000000000000000e+00,        +0.00000000000000000e+00,        +0.00000000000000000e+00,        +0.00000000000000000e+00,        +0.00000000000000000e+00,        +0.00000000000000000e+00,        +0.00000000000000000e+00,        +0.00000000000000000e+00,        +0.00000000000000000e+00,        +0.00000000000000000e+00,        +0.00000000000000000e+00,        +0.00000000000000000e+00,        +0.00000000000000000e+00,        +0.00000000000000000e+00,        +0.00000000000000000e+00,        +0.00000000000000000e+00,        +0.00000000000000000e+00,        +0.00000000000000000e+00,        +0.00000000000000000e+00,        +0.00000000000000000e+00,        +0.00000000000000000e+00,        +0.00000000000000000e+00,        +0.00000000000000000e+00,        +0.00000000000000000e+00,        +0.00000000000000000e+00,        +0.00000000000000000e+00,        +0.00000000000000000e+00,        +0.00000000000000000e+00,        +0.00000000000000000e+00,        +0.00000000000000000e+00,        +0.00000000000000000e+00,        +0.00000000000000000e+00,        +0.00000000000000000e+00,        +0.00000000000000000e+00,        +0.00000000000000000e+00,        +0.00000000000000000e+00,        +0.00000000000000000e+00,        +0.00000000000000000e+00,        +0.00000000000000000e+00,        +0.00000000000000000e+00,        +0.00000000000000000e+00,        +0.00000000000000000e+00,        +0.00000000000000000e+00,        +0.00000000000000000e+00,        +0.00000000000000000e+00,        +0.00000000000000000e+00,        +0.00000000000000000e+00,        +0.00000000000000000e+00,        +0.00000000000000000e+00,        +0.00000000000000000e+00,        +0.00000000000000000e+00,        +0.00000000000000000e+00,        +0.00000000000000000e+00,        +0.00000000000000000e+00,        +1.00000000000000000e+00,        +0.00000000000000000e+00,        +0.00000000000000000e+00,        +0.00000000000000000e+00,        +0.00000000000000000e+00,        +0.00000000000000000e+00,        +0.00000000000000000e+00,        +0.00000000000000000e+00,        +0.00000000000000000e+00,        +0.00000000000000000e+00,        +0.00000000000000000e+00,        +0.00000000000000000e+00,        +0.00000000000000000e+00,        +0.00000000000000000e+00,        +0.00000000000000000e+00,        +0.00000000000000000e+00,        +0.00000000000000000e+00,        +0.00000000000000000e+00,        +0.00000000000000000e+00,        +0.00000000000000000e+00,        +0.00000000000000000e+00,        +0.00000000000000000e+00
        +0.00000000000000000e+00,        +0.00000000000000000e+00,        +0.00000000000000000e+00,        +0.00000000000000000e+00,        +0.00000000000000000e+00,        +0.00000000000000000e+00,        +0.00000000000000000e+00,        +0.00000000000000000e+00,        +0.00000000000000000e+00,        +0.00000000000000000e+00,        +0.00000000000000000e+00,        +0.00000000000000000e+00,        +0.00000000000000000e+00,        +0.00000000000000000e+00,        +0.00000000000000000e+00,        +0.00000000000000000e+00,        +0.00000000000000000e+00,        +0.00000000000000000e+00,        +0.00000000000000000e+00,        +0.00000000000000000e+00,        +0.00000000000000000e+00,        +0.00000000000000000e+00,        +0.00000000000000000e+00,        +0.00000000000000000e+00,        +0.00000000000000000e+00,        +0.00000000000000000e+00,        +0.00000000000000000e+00,        +0.00000000000000000e+00,        +0.00000000000000000e+00,        +0.00000000000000000e+00,        +0.00000000000000000e+00,        +0.00000000000000000e+00,        +0.00000000000000000e+00,        +0.00000000000000000e+00,        +0.00000000000000000e+00,        +0.00000000000000000e+00,        +0.00000000000000000e+00,        +0.00000000000000000e+00,        +0.00000000000000000e+00,        +0.00000000000000000e+00,        +0.00000000000000000e+00,        +0.00000000000000000e+00,        +0.00000000000000000e+00,        +0.00000000000000000e+00,        +0.00000000000000000e+00,        +0.00000000000000000e+00,        +0.00000000000000000e+00,        +0.00000000000000000e+00,        +0.00000000000000000e+00,        +0.00000000000000000e+00,        +0.00000000000000000e+00,        +0.00000000000000000e+00,        +0.00000000000000000e+00,        +0.00000000000000000e+00,        +0.00000000000000000e+00,        +0.00000000000000000e+00,        +0.00000000000000000e+00,        +0.00000000000000000e+00,        +0.00000000000000000e+00,        +0.00000000000000000e+00,        +0.00000000000000000e+00,        +0.00000000000000000e+00,        +0.00000000000000000e+00,        +0.00000000000000000e+00,        +0.00000000000000000e+00,        +0.00000000000000000e+00,        +0.00000000000000000e+00,        +0.00000000000000000e+00,        +0.00000000000000000e+00,        +0.00000000000000000e+00,        +0.00000000000000000e+00,        +0.00000000000000000e+00,        +0.00000000000000000e+00,        +0.00000000000000000e+00,        +0.00000000000000000e+00,        +0.00000000000000000e+00,        +0.00000000000000000e+00,        +0.00000000000000000e+00,        +0.00000000000000000e+00,        +0.00000000000000000e+00,        +0.00000000000000000e+00,        +0.00000000000000000e+00,        +0.00000000000000000e+00,        +0.00000000000000000e+00,        +0.00000000000000000e+00,        +0.00000000000000000e+00,        +0.00000000000000000e+00,        +1.00000000000000000e+00,        +0.00000000000000000e+00,        +0.00000000000000000e+00,        +0.00000000000000000e+00,        +0.00000000000000000e+00,        +0.00000000000000000e+00,        +0.00000000000000000e+00,        +0.00000000000000000e+00,        +0.00000000000000000e+00,        +0.00000000000000000e+00,        +0.00000000000000000e+00,        +0.00000000000000000e+00,        +0.00000000000000000e+00,        +0.00000000000000000e+00,        +0.00000000000000000e+00,        +0.00000000000000000e+00,        +0.00000000000000000e+00,        +0.00000000000000000e+00,        +0.00000000000000000e+00,        +0.00000000000000000e+00,        +0.00000000000000000e+00
        +0.00000000000000000e+00,        +0.00000000000000000e+00,        +0.00000000000000000e+00,        +0.00000000000000000e+00,        +0.00000000000000000e+00,        +0.00000000000000000e+00,        +0.00000000000000000e+00,        +0.00000000000000000e+00,        +0.00000000000000000e+00,        +0.00000000000000000e+00,        +0.00000000000000000e+00,        +0.00000000000000000e+00,        +0.00000000000000000e+00,        +0.00000000000000000e+00,        +0.00000000000000000e+00,        +0.00000000000000000e+00,        +0.00000000000000000e+00,        +0.00000000000000000e+00,        +0.00000000000000000e+00,        +0.00000000000000000e+00,        +0.00000000000000000e+00,        +0.00000000000000000e+00,        +0.00000000000000000e+00,        +0.00000000000000000e+00,        +0.00000000000000000e+00,        +0.00000000000000000e+00,        +0.00000000000000000e+00,        +0.00000000000000000e+00,        +0.00000000000000000e+00,        +0.00000000000000000e+00,        +0.00000000000000000e+00,        +0.00000000000000000e+00,        +0.00000000000000000e+00,        +0.00000000000000000e+00,        +0.00000000000000000e+00,        +0.00000000000000000e+00,        +0.00000000000000000e+00,        +0.00000000000000000e+00,        +0.00000000000000000e+00,        +0.00000000000000000e+00,        +0.00000000000000000e+00,        +0.00000000000000000e+00,        +0.00000000000000000e+00,        +0.00000000000000000e+00,        +0.00000000000000000e+00,        +0.00000000000000000e+00,        +0.00000000000000000e+00,        +0.00000000000000000e+00,        +0.00000000000000000e+00,        +0.00000000000000000e+00,        +0.00000000000000000e+00,        +0.00000000000000000e+00,        +0.00000000000000000e+00,        +0.00000000000000000e+00,        +0.00000000000000000e+00,        +0.00000000000000000e+00,        +0.00000000000000000e+00,        +0.00000000000000000e+00,        +0.00000000000000000e+00,        +0.00000000000000000e+00,        +0.00000000000000000e+00,        +0.00000000000000000e+00,        +0.00000000000000000e+00,        +0.00000000000000000e+00,        +0.00000000000000000e+00,        +0.00000000000000000e+00,        +0.00000000000000000e+00,        +0.00000000000000000e+00,        +0.00000000000000000e+00,        +0.00000000000000000e+00,        +0.00000000000000000e+00,        +0.00000000000000000e+00,        +0.00000000000000000e+00,        +0.00000000000000000e+00,        +0.00000000000000000e+00,        +0.00000000000000000e+00,        +0.00000000000000000e+00,        +0.00000000000000000e+00,        +0.00000000000000000e+00,        +0.00000000000000000e+00,        +0.00000000000000000e+00,        +0.00000000000000000e+00,        +0.00000000000000000e+00,        +0.00000000000000000e+00,        +0.00000000000000000e+00,        +0.00000000000000000e+00,        +0.00000000000000000e+00,        +0.00000000000000000e+00,        +1.00000000000000000e+00,        +0.00000000000000000e+00,        +0.00000000000000000e+00,        +0.00000000000000000e+00,        +0.00000000000000000e+00,        +0.00000000000000000e+00,        +0.00000000000000000e+00,        +0.00000000000000000e+00,        +0.00000000000000000e+00,        +0.00000000000000000e+00,        +0.00000000000000000e+00,        +0.00000000000000000e+00,        +0.00000000000000000e+00,        +0.00000000000000000e+00,        +0.00000000000000000e+00,        +0.00000000000000000e+00,        +0.00000000000000000e+00,        +0.00000000000000000e+00,        +0.00000000000000000e+00,        +0.00000000000000000e+00
        +0.00000000000000000e+00,        +0.00000000000000000e+00,        +0.00000000000000000e+00,        +0.00000000000000000e+00,        +0.00000000000000000e+00,        +0.00000000000000000e+00,        +0.00000000000000000e+00,        +0.00000000000000000e+00,        +0.00000000000000000e+00,        +0.00000000000000000e+00,        +0.00000000000000000e+00,        +0.00000000000000000e+00,        +0.00000000000000000e+00,        +0.00000000000000000e+00,        +0.00000000000000000e+00,        +0.00000000000000000e+00,        +0.00000000000000000e+00,        +0.00000000000000000e+00,        +0.00000000000000000e+00,        +0.00000000000000000e+00,        +0.00000000000000000e+00,        +0.00000000000000000e+00,        +0.00000000000000000e+00,        +0.00000000000000000e+00,        +0.00000000000000000e+00,        +0.00000000000000000e+00,        +0.00000000000000000e+00,        +0.00000000000000000e+00,        +0.00000000000000000e+00,        +0.00000000000000000e+00,        +0.00000000000000000e+00,        +0.00000000000000000e+00,        +0.00000000000000000e+00,        +0.00000000000000000e+00,        +0.00000000000000000e+00,        +0.00000000000000000e+00,        +0.00000000000000000e+00,        +0.00000000000000000e+00,        +0.00000000000000000e+00,        +0.00000000000000000e+00,        +0.00000000000000000e+00,        +0.00000000000000000e+00,        +0.00000000000000000e+00,        +0.00000000000000000e+00,        +0.00000000000000000e+00,        +0.00000000000000000e+00,        +0.00000000000000000e+00,        +0.00000000000000000e+00,        +0.00000000000000000e+00,        +0.00000000000000000e+00,        +0.00000000000000000e+00,        +0.00000000000000000e+00,        +0.00000000000000000e+00,        +0.00000000000000000e+00,        +0.00000000000000000e+00,        +0.00000000000000000e+00,        +0.00000000000000000e+00,        +0.00000000000000000e+00,        +0.00000000000000000e+00,        +0.00000000000000000e+00,        +0.00000000000000000e+00,        +0.00000000000000000e+00,        +0.00000000000000000e+00,        +0.00000000000000000e+00,        +0.00000000000000000e+00,        +0.00000000000000000e+00,        +0.00000000000000000e+00,        +0.00000000000000000e+00,        +0.00000000000000000e+00,        +0.00000000000000000e+00,        +0.00000000000000000e+00,        +0.00000000000000000e+00,        +0.00000000000000000e+00,        +0.00000000000000000e+00,        +0.00000000000000000e+00,        +0.00000000000000000e+00,        +0.00000000000000000e+00,        +0.00000000000000000e+00,        +0.00000000000000000e+00,        +0.00000000000000000e+00,        +0.00000000000000000e+00,        +0.00000000000000000e+00,        +0.00000000000000000e+00,        +0.00000000000000000e+00,        +0.00000000000000000e+00,        +0.00000000000000000e+00,        +0.00000000000000000e+00,        +0.00000000000000000e+00,        +0.00000000000000000e+00,        +1.00000000000000000e+00,        +0.00000000000000000e+00,        +0.00000000000000000e+00,        +0.00000000000000000e+00,        +0.00000000000000000e+00,        +0.00000000000000000e+00,        +0.00000000000000000e+00,        +0.00000000000000000e+00,        +0.00000000000000000e+00,        +0.00000000000000000e+00,        +0.00000000000000000e+00,        +0.00000000000000000e+00,        +0.00000000000000000e+00,        +0.00000000000000000e+00,        +0.00000000000000000e+00,        +0.00000000000000000e+00,        +0.00000000000000000e+00,        +0.00000000000000000e+00,        +0.00000000000000000e+00
        +0.00000000000000000e+00,        +0.00000000000000000e+00,        +0.00000000000000000e+00,        +0.00000000000000000e+00,        +0.00000000000000000e+00,        +0.00000000000000000e+00,        +0.00000000000000000e+00,        +0.00000000000000000e+00,        +0.00000000000000000e+00,        +0.00000000000000000e+00,        +0.00000000000000000e+00,        +0.00000000000000000e+00,        +0.00000000000000000e+00,        +0.00000000000000000e+00,        +0.00000000000000000e+00,        +0.00000000000000000e+00,        +0.00000000000000000e+00,        +0.00000000000000000e+00,        +0.00000000000000000e+00,        +0.00000000000000000e+00,        +0.00000000000000000e+00,        +0.00000000000000000e+00,        +0.00000000000000000e+00,        +0.00000000000000000e+00,        +0.00000000000000000e+00,        +0.00000000000000000e+00,        +0.00000000000000000e+00,        +0.00000000000000000e+00,        +0.00000000000000000e+00,        +0.00000000000000000e+00,        +0.00000000000000000e+00,        +0.00000000000000000e+00,        +0.00000000000000000e+00,        +0.00000000000000000e+00,        +0.00000000000000000e+00,        +0.00000000000000000e+00,        +0.00000000000000000e+00,        +0.00000000000000000e+00,        +0.00000000000000000e+00,        +0.00000000000000000e+00,        +0.00000000000000000e+00,        +0.00000000000000000e+00,        +0.00000000000000000e+00,        +0.00000000000000000e+00,        +0.00000000000000000e+00,        +0.00000000000000000e+00,        +0.00000000000000000e+00,        +0.00000000000000000e+00,        +0.00000000000000000e+00,        +0.00000000000000000e+00,        +0.00000000000000000e+00,        +0.00000000000000000e+00,        +0.00000000000000000e+00,        +0.00000000000000000e+00,        +0.00000000000000000e+00,        +0.00000000000000000e+00,        +0.00000000000000000e+00,        +0.00000000000000000e+00,        +0.00000000000000000e+00,        +0.00000000000000000e+00,        +0.00000000000000000e+00,        +0.00000000000000000e+00,        +0.00000000000000000e+00,        +0.00000000000000000e+00,        +0.00000000000000000e+00,        +0.00000000000000000e+00,        +0.00000000000000000e+00,        +0.00000000000000000e+00,        +0.00000000000000000e+00,        +0.00000000000000000e+00,        +0.00000000000000000e+00,        +0.00000000000000000e+00,        +0.00000000000000000e+00,        +0.00000000000000000e+00,        +0.00000000000000000e+00,        +0.00000000000000000e+00,        +0.00000000000000000e+00,        +0.00000000000000000e+00,        +0.00000000000000000e+00,        +0.00000000000000000e+00,        +0.00000000000000000e+00,        +0.00000000000000000e+00,        +0.00000000000000000e+00,        +0.00000000000000000e+00,        +0.00000000000000000e+00,        +0.00000000000000000e+00,        +0.00000000000000000e+00,        +0.00000000000000000e+00,        +0.00000000000000000e+00,        +0.00000000000000000e+00,        +1.00000000000000000e+00,        +0.00000000000000000e+00,        +0.00000000000000000e+00,        +0.00000000000000000e+00,        +0.00000000000000000e+00,        +0.00000000000000000e+00,        +0.00000000000000000e+00,        +0.00000000000000000e+00,        +0.00000000000000000e+00,        +0.00000000000000000e+00,        +0.00000000000000000e+00,        +0.00000000000000000e+00,        +0.00000000000000000e+00,        +0.00000000000000000e+00,        +0.00000000000000000e+00,        +0.00000000000000000e+00,        +0.00000000000000000e+00,        +0.00000000000000000e+00
        +0.00000000000000000e+00,        +0.00000000000000000e+00,        +0.00000000000000000e+00,        +0.00000000000000000e+00,        +0.00000000000000000e+00,        +0.00000000000000000e+00,        +0.00000000000000000e+00,        +0.00000000000000000e+00,        +0.00000000000000000e+00,        +0.00000000000000000e+00,        +0.00000000000000000e+00,        +0.00000000000000000e+00,        +0.00000000000000000e+00,        +0.00000000000000000e+00,        +0.00000000000000000e+00,        +0.00000000000000000e+00,        +0.00000000000000000e+00,        +0.00000000000000000e+00,        +0.00000000000000000e+00,        +0.00000000000000000e+00,        +0.00000000000000000e+00,        +0.00000000000000000e+00,        +0.00000000000000000e+00,        +0.00000000000000000e+00,        +0.00000000000000000e+00,        +0.00000000000000000e+00,        +0.00000000000000000e+00,        +0.00000000000000000e+00,        +0.00000000000000000e+00,        +0.00000000000000000e+00,        +0.00000000000000000e+00,        +0.00000000000000000e+00,        +0.00000000000000000e+00,        +0.00000000000000000e+00,        +0.00000000000000000e+00,        +0.00000000000000000e+00,        +0.00000000000000000e+00,        +0.00000000000000000e+00,        +0.00000000000000000e+00,        +0.00000000000000000e+00,        +0.00000000000000000e+00,        +0.00000000000000000e+00,        +0.00000000000000000e+00,        +0.00000000000000000e+00,        +0.00000000000000000e+00,        +0.00000000000000000e+00,        +0.00000000000000000e+00,        +0.00000000000000000e+00,        +0.00000000000000000e+00,        +0.00000000000000000e+00,        +0.00000000000000000e+00,        +0.00000000000000000e+00,        +0.00000000000000000e+00,        +0.00000000000000000e+00,        +0.00000000000000000e+00,        +0.00000000000000000e+00,        +0.00000000000000000e+00,        +0.00000000000000000e+00,        +0.00000000000000000e+00,        +0.00000000000000000e+00,        +0.00000000000000000e+00,        +0.00000000000000000e+00,        +0.00000000000000000e+00,        +0.00000000000000000e+00,        +0.00000000000000000e+00,        +0.00000000000000000e+00,        +0.00000000000000000e+00,        +0.00000000000000000e+00,        +0.00000000000000000e+00,        +0.00000000000000000e+00,        +0.00000000000000000e+00,        +0.00000000000000000e+00,        +0.00000000000000000e+00,        +0.00000000000000000e+00,        +0.00000000000000000e+00,        +0.00000000000000000e+00,        +0.00000000000000000e+00,        +0.00000000000000000e+00,        +0.00000000000000000e+00,        +0.00000000000000000e+00,        +0.00000000000000000e+00,        +0.00000000000000000e+00,        +0.00000000000000000e+00,        +0.00000000000000000e+00,        +0.00000000000000000e+00,        +0.00000000000000000e+00,        +0.00000000000000000e+00,        +0.00000000000000000e+00,        +0.00000000000000000e+00,        +0.00000000000000000e+00,        +0.00000000000000000e+00,        +1.00000000000000000e+00,        +0.00000000000000000e+00,        +0.00000000000000000e+00,        +0.00000000000000000e+00,        +0.00000000000000000e+00,        +0.00000000000000000e+00,        +0.00000000000000000e+00,        +0.00000000000000000e+00,        +0.00000000000000000e+00,        +0.00000000000000000e+00,        +0.00000000000000000e+00,        +0.00000000000000000e+00,        +0.00000000000000000e+00,        +0.00000000000000000e+00,        +0.00000000000000000e+00,        +0.00000000000000000e+00,        +0.00000000000000000e+00
        +0.00000000000000000e+00,        +0.00000000000000000e+00,        +0.00000000000000000e+00,        +0.00000000000000000e+00,        +0.00000000000000000e+00,        +0.00000000000000000e+00,        +0.00000000000000000e+00,        +0.00000000000000000e+00,        +0.00000000000000000e+00,        +0.00000000000000000e+00,        +0.00000000000000000e+00,        +0.00000000000000000e+00,        +0.00000000000000000e+00,        +0.00000000000000000e+00,        +0.00000000000000000e+00,        +0.00000000000000000e+00,        +0.00000000000000000e+00,        +0.00000000000000000e+00,        +0.00000000000000000e+00,        +0.00000000000000000e+00,        +0.00000000000000000e+00,        +0.00000000000000000e+00,        +0.00000000000000000e+00,        +0.00000000000000000e+00,        +0.00000000000000000e+00,        +0.00000000000000000e+00,        +0.00000000000000000e+00,        +0.00000000000000000e+00,        +0.00000000000000000e+00,        +0.00000000000000000e+00,        +0.00000000000000000e+00,        +0.00000000000000000e+00,        +0.00000000000000000e+00,        +0.00000000000000000e+00,        +0.00000000000000000e+00,        +0.00000000000000000e+00,        +0.00000000000000000e+00,        +0.00000000000000000e+00,        +0.00000000000000000e+00,        +0.00000000000000000e+00,        +0.00000000000000000e+00,        +0.00000000000000000e+00,        +0.00000000000000000e+00,        +0.00000000000000000e+00,        +0.00000000000000000e+00,        +0.00000000000000000e+00,        +0.00000000000000000e+00,        +0.00000000000000000e+00,        +0.00000000000000000e+00,        +0.00000000000000000e+00,        +0.00000000000000000e+00,        +0.00000000000000000e+00,        +0.00000000000000000e+00,        +0.00000000000000000e+00,        +0.00000000000000000e+00,        +0.00000000000000000e+00,        +0.00000000000000000e+00,        +0.00000000000000000e+00,        +0.00000000000000000e+00,        +0.00000000000000000e+00,        +0.00000000000000000e+00,        +0.00000000000000000e+00,        +0.00000000000000000e+00,        +0.00000000000000000e+00,        +0.00000000000000000e+00,        +0.00000000000000000e+00,        +0.00000000000000000e+00,        +0.00000000000000000e+00,        +0.00000000000000000e+00,        +0.00000000000000000e+00,        +0.00000000000000000e+00,        +0.00000000000000000e+00,        +0.00000000000000000e+00,        +0.00000000000000000e+00,        +0.00000000000000000e+00,        +0.00000000000000000e+00,        +0.00000000000000000e+00,        +0.00000000000000000e+00,        +0.00000000000000000e+00,        +0.00000000000000000e+00,        +0.00000000000000000e+00,        +0.00000000000000000e+00,        +0.00000000000000000e+00,        +0.00000000000000000e+00,        +0.00000000000000000e+00,        +0.00000000000000000e+00,        +0.00000000000000000e+00,        +0.00000000000000000e+00,        +0.00000000000000000e+00,        +0.00000000000000000e+00,        +0.00000000000000000e+00,        +0.00000000000000000e+00,        +1.00000000000000000e+00,        +0.00000000000000000e+00,        +0.00000000000000000e+00,        +0.00000000000000000e+00,        +0.00000000000000000e+00,        +0.00000000000000000e+00,        +0.00000000000000000e+00,        +0.00000000000000000e+00,        +0.00000000000000000e+00,        +0.00000000000000000e+00,        +0.00000000000000000e+00,        +0.00000000000000000e+00,        +0.00000000000000000e+00,        +0.00000000000000000e+00,        +0.00000000000000000e+00,        +0.00000000000000000e+00
        +0.00000000000000000e+00,        +0.00000000000000000e+00,        +0.00000000000000000e+00,        +0.00000000000000000e+00,        +0.00000000000000000e+00,        +0.00000000000000000e+00,        +0.00000000000000000e+00,        +0.00000000000000000e+00,        +0.00000000000000000e+00,        +0.00000000000000000e+00,        +0.00000000000000000e+00,        +0.00000000000000000e+00,        +0.00000000000000000e+00,        +0.00000000000000000e+00,        +0.00000000000000000e+00,        +0.00000000000000000e+00,        +0.00000000000000000e+00,        +0.00000000000000000e+00,        +0.00000000000000000e+00,        +0.00000000000000000e+00,        +0.00000000000000000e+00,        +0.00000000000000000e+00,        +0.00000000000000000e+00,        +0.00000000000000000e+00,        +0.00000000000000000e+00,        +0.00000000000000000e+00,        +0.00000000000000000e+00,        +0.00000000000000000e+00,        +0.00000000000000000e+00,        +0.00000000000000000e+00,        +0.00000000000000000e+00,        +0.00000000000000000e+00,        +0.00000000000000000e+00,        +0.00000000000000000e+00,        +0.00000000000000000e+00,        +0.00000000000000000e+00,        +0.00000000000000000e+00,        +0.00000000000000000e+00,        +0.00000000000000000e+00,        +0.00000000000000000e+00,        +0.00000000000000000e+00,        +0.00000000000000000e+00,        +0.00000000000000000e+00,        +0.00000000000000000e+00,        +0.00000000000000000e+00,        +0.00000000000000000e+00,        +0.00000000000000000e+00,        +0.00000000000000000e+00,        +0.00000000000000000e+00,        +0.00000000000000000e+00,        +0.00000000000000000e+00,        +0.00000000000000000e+00,        +0.00000000000000000e+00,        +0.00000000000000000e+00,        +0.00000000000000000e+00,        +0.00000000000000000e+00,        +0.00000000000000000e+00,        +0.00000000000000000e+00,        +0.00000000000000000e+00,        +0.00000000000000000e+00,        +0.00000000000000000e+00,        +0.00000000000000000e+00,        +0.00000000000000000e+00,        +0.00000000000000000e+00,        +0.00000000000000000e+00,        +0.00000000000000000e+00,        +0.00000000000000000e+00,        +0.00000000000000000e+00,        +0.00000000000000000e+00,        +0.00000000000000000e+00,        +0.00000000000000000e+00,        +0.00000000000000000e+00,        +0.00000000000000000e+00,        +0.00000000000000000e+00,        +0.00000000000000000e+00,        +0.00000000000000000e+00,        +0.00000000000000000e+00,        +0.00000000000000000e+00,        +0.00000000000000000e+00,        +0.00000000000000000e+00,        +0.00000000000000000e+00,        +0.00000000000000000e+00,        +0.00000000000000000e+00,        +0.00000000000000000e+00,        +0.00000000000000000e+00,        +0.00000000000000000e+00,        +0.00000000000000000e+00,        +0.00000000000000000e+00,        +0.00000000000000000e+00,        +0.00000000000000000e+00,        +0.00000000000000000e+00,        +0.00000000000000000e+00,        +0.00000000000000000e+00,        +1.00000000000000000e+00,        +0.00000000000000000e+00,        +0.00000000000000000e+00,        +0.00000000000000000e+00,        +0.00000000000000000e+00,        +0.00000000000000000e+00,        +0.00000000000000000e+00,        +0.00000000000000000e+00,        +0.00000000000000000e+00,        +0.00000000000000000e+00,        +0.00000000000000000e+00,        +0.00000000000000000e+00,        +0.00000000000000000e+00,        +0.00000000000000000e+00,        +0.00000000000000000e+00
        +0.00000000000000000e+00,        +0.00000000000000000e+00,        +0.00000000000000000e+00,        +0.00000000000000000e+00,        +0.00000000000000000e+00,        +0.00000000000000000e+00,        +0.00000000000000000e+00,        +0.00000000000000000e+00,        +0.00000000000000000e+00,        +0.00000000000000000e+00,        +0.00000000000000000e+00,        +0.00000000000000000e+00,        +0.00000000000000000e+00,        +0.00000000000000000e+00,        +0.00000000000000000e+00,        +0.00000000000000000e+00,        +0.00000000000000000e+00,        +0.00000000000000000e+00,        +0.00000000000000000e+00,        +0.00000000000000000e+00,        +0.00000000000000000e+00,        +0.00000000000000000e+00,        +0.00000000000000000e+00,        +0.00000000000000000e+00,        +0.00000000000000000e+00,        +0.00000000000000000e+00,        +0.00000000000000000e+00,        +0.00000000000000000e+00,        +0.00000000000000000e+00,        +0.00000000000000000e+00,        +0.00000000000000000e+00,        +0.00000000000000000e+00,        +0.00000000000000000e+00,        +0.00000000000000000e+00,        +0.00000000000000000e+00,        +0.00000000000000000e+00,        +0.00000000000000000e+00,        +0.00000000000000000e+00,        +0.00000000000000000e+00,        +0.00000000000000000e+00,        +0.00000000000000000e+00,        +0.00000000000000000e+00,        +0.00000000000000000e+00,        +0.00000000000000000e+00,        +0.00000000000000000e+00,        +0.00000000000000000e+00,        +0.00000000000000000e+00,        +0.00000000000000000e+00,        +0.00000000000000000e+00,        +0.00000000000000000e+00,        +0.00000000000000000e+00,        +0.00000000000000000e+00,        +0.00000000000000000e+00,        +0.00000000000000000e+00,        +0.00000000000000000e+00,        +0.00000000000000000e+00,        +0.00000000000000000e+00,        +0.00000000000000000e+00,        +0.00000000000000000e+00,        +0.00000000000000000e+00,        +0.00000000000000000e+00,        +0.00000000000000000e+00,        +0.00000000000000000e+00,        +0.00000000000000000e+00,        +0.00000000000000000e+00,        +0.00000000000000000e+00,        +0.00000000000000000e+00,        +0.00000000000000000e+00,        +0.00000000000000000e+00,        +0.00000000000000000e+00,        +0.00000000000000000e+00,        +0.00000000000000000e+00,        +0.00000000000000000e+00,        +0.00000000000000000e+00,        +0.00000000000000000e+00,        +0.00000000000000000e+00,        +0.00000000000000000e+00,        +0.00000000000000000e+00,        +0.00000000000000000e+00,        +0.00000000000000000e+00,        +0.00000000000000000e+00,        +0.00000000000000000e+00,        +0.00000000000000000e+00,        +0.00000000000000000e+00,        +0.00000000000000000e+00,        +0.00000000000000000e+00,        +0.00000000000000000e+00,        +0.00000000000000000e+00,        +0.00000000000000000e+00,        +0.00000000000000000e+00,        +0.00000000000000000e+00,        +0.00000000000000000e+00,        +0.00000000000000000e+00,        +0.00000000000000000e+00,        +1.00000000000000000e+00,        +0.00000000000000000e+00,        +0.00000000000000000e+00,        +0.00000000000000000e+00,        +0.00000000000000000e+00,        +0.00000000000000000e+00,        +0.00000000000000000e+00,        +0.00000000000000000e+00,        +0.00000000000000000e+00,        +0.00000000000000000e+00,        +0.00000000000000000e+00,        +0.00000000000000000e+00,        +0.00000000000000000e+00,        +0.00000000000000000e+00
        +0.00000000000000000e+00,        +0.00000000000000000e+00,        +0.00000000000000000e+00,        +0.00000000000000000e+00,        +0.00000000000000000e+00,        +0.00000000000000000e+00,        +0.00000000000000000e+00,        +0.00000000000000000e+00,        +0.00000000000000000e+00,        +0.00000000000000000e+00,        +0.00000000000000000e+00,        +0.00000000000000000e+00,        +0.00000000000000000e+00,        +0.00000000000000000e+00,        +0.00000000000000000e+00,        +0.00000000000000000e+00,        +0.00000000000000000e+00,        +0.00000000000000000e+00,        +0.00000000000000000e+00,        +0.00000000000000000e+00,        +0.00000000000000000e+00,        +0.00000000000000000e+00,        +0.00000000000000000e+00,        +0.00000000000000000e+00,        +0.00000000000000000e+00,        +0.00000000000000000e+00,        +0.00000000000000000e+00,        +0.00000000000000000e+00,        +0.00000000000000000e+00,        +0.00000000000000000e+00,        +0.00000000000000000e+00,        +0.00000000000000000e+00,        +0.00000000000000000e+00,        +0.00000000000000000e+00,        +0.00000000000000000e+00,        +0.00000000000000000e+00,        +0.00000000000000000e+00,        +0.00000000000000000e+00,        +0.00000000000000000e+00,        +0.00000000000000000e+00,        +0.00000000000000000e+00,        +0.00000000000000000e+00,        +0.00000000000000000e+00,        +0.00000000000000000e+00,        +0.00000000000000000e+00,        +0.00000000000000000e+00,        +0.00000000000000000e+00,        +0.00000000000000000e+00,        +0.00000000000000000e+00,        +0.00000000000000000e+00,        +0.00000000000000000e+00,        +0.00000000000000000e+00,        +0.00000000000000000e+00,        +0.00000000000000000e+00,        +0.00000000000000000e+00,        +0.00000000000000000e+00,        +0.00000000000000000e+00,        +0.00000000000000000e+00,        +0.00000000000000000e+00,        +0.00000000000000000e+00,        +0.00000000000000000e+00,        +0.00000000000000000e+00,        +0.00000000000000000e+00,        +0.00000000000000000e+00,        +0.00000000000000000e+00,        +0.00000000000000000e+00,        +0.00000000000000000e+00,        +0.00000000000000000e+00,        +0.00000000000000000e+00,        +0.00000000000000000e+00,        +0.00000000000000000e+00,        +0.00000000000000000e+00,        +0.00000000000000000e+00,        +0.00000000000000000e+00,        +0.00000000000000000e+00,        +0.00000000000000000e+00,        +0.00000000000000000e+00,        +0.00000000000000000e+00,        +0.00000000000000000e+00,        +0.00000000000000000e+00,        +0.00000000000000000e+00,        +0.00000000000000000e+00,        +0.00000000000000000e+00,        +0.00000000000000000e+00,        +0.00000000000000000e+00,        +0.00000000000000000e+00,        +0.00000000000000000e+00,        +0.00000000000000000e+00,        +0.00000000000000000e+00,        +0.00000000000000000e+00,        +0.00000000000000000e+00,        +0.00000000000000000e+00,        +0.00000000000000000e+00,        +0.00000000000000000e+00,        +0.00000000000000000e+00,        +1.00000000000000000e+00,        +0.00000000000000000e+00,        +0.00000000000000000e+00,        +0.00000000000000000e+00,        +0.00000000000000000e+00,        +0.00000000000000000e+00,        +0.00000000000000000e+00,        +0.00000000000000000e+00,        +0.00000000000000000e+00,        +0.00000000000000000e+00,        +0.00000000000000000e+00,        +0.00000000000000000e+00,        +0.00000000000000000e+00
        +0.00000000000000000e+00,        +0.00000000000000000e+00,        +0.00000000000000000e+00,        +0.00000000000000000e+00,        +0.00000000000000000e+00,        +0.00000000000000000e+00,        +0.00000000000000000e+00,        +0.00000000000000000e+00,        +0.00000000000000000e+00,        +0.00000000000000000e+00,        +0.00000000000000000e+00,        +0.00000000000000000e+00,        +0.00000000000000000e+00,        +0.00000000000000000e+00,        +0.00000000000000000e+00,        +0.00000000000000000e+00,        +0.00000000000000000e+00,        +0.00000000000000000e+00,        +0.00000000000000000e+00,        +0.00000000000000000e+00,        +0.00000000000000000e+00,        +0.00000000000000000e+00,        +0.00000000000000000e+00,        +0.00000000000000000e+00,        +0.00000000000000000e+00,        +0.00000000000000000e+00,        +0.00000000000000000e+00,        +0.00000000000000000e+00,        +0.00000000000000000e+00,        +0.00000000000000000e+00,        +0.00000000000000000e+00,        +0.00000000000000000e+00,        +0.00000000000000000e+00,        +0.00000000000000000e+00,        +0.00000000000000000e+00,        +0.00000000000000000e+00,        +0.00000000000000000e+00,        +0.00000000000000000e+00,        +0.00000000000000000e+00,        +0.00000000000000000e+00,        +0.00000000000000000e+00,        +0.00000000000000000e+00,        +0.00000000000000000e+00,        +0.00000000000000000e+00,        +0.00000000000000000e+00,        +0.00000000000000000e+00,        +0.00000000000000000e+00,        +0.00000000000000000e+00,        +0.00000000000000000e+00,        +0.00000000000000000e+00,        +0.00000000000000000e+00,        +0.00000000000000000e+00,        +0.00000000000000000e+00,        +0.00000000000000000e+00,        +0.00000000000000000e+00,        +0.00000000000000000e+00,        +0.00000000000000000e+00,        +0.00000000000000000e+00,        +0.00000000000000000e+00,        +0.00000000000000000e+00,        +0.00000000000000000e+00,        +0.00000000000000000e+00,        +0.00000000000000000e+00,        +0.00000000000000000e+00,        +0.00000000000000000e+00,        +0.00000000000000000e+00,        +0.00000000000000000e+00,        +0.00000000000000000e+00,        +0.00000000000000000e+00,        +0.00000000000000000e+00,        +0.00000000000000000e+00,        +0.00000000000000000e+00,        +0.00000000000000000e+00,        +0.00000000000000000e+00,        +0.00000000000000000e+00,        +0.00000000000000000e+00,        +0.00000000000000000e+00,        +0.00000000000000000e+00,        +0.00000000000000000e+00,        +0.00000000000000000e+00,        +0.00000000000000000e+00,        +0.00000000000000000e+00,        +0.00000000000000000e+00,        +0.00000000000000000e+00,        +0.00000000000000000e+00,        +0.00000000000000000e+00,        +0.00000000000000000e+00,        +0.00000000000000000e+00,        +0.00000000000000000e+00,        +0.00000000000000000e+00,        +0.00000000000000000e+00,        +0.00000000000000000e+00,        +0.00000000000000000e+00,        +0.00000000000000000e+00,        +0.00000000000000000e+00,        +0.00000000000000000e+00,        +1.00000000000000000e+00,        +0.00000000000000000e+00,        +0.00000000000000000e+00,        +0.00000000000000000e+00,        +0.00000000000000000e+00,        +0.00000000000000000e+00,        +0.00000000000000000e+00,        +0.00000000000000000e+00,        +0.00000000000000000e+00,        +0.00000000000000000e+00,        +0.00000000000000000e+00,        +0.00000000000000000e+00
        +0.00000000000000000e+00,        +0.00000000000000000e+00,        +0.00000000000000000e+00,        +0.00000000000000000e+00,        +0.00000000000000000e+00,        +0.00000000000000000e+00,        +0.00000000000000000e+00,        +0.00000000000000000e+00,        +0.00000000000000000e+00,        +0.00000000000000000e+00,        +0.00000000000000000e+00,        +0.00000000000000000e+00,        +0.00000000000000000e+00,        +0.00000000000000000e+00,        +0.00000000000000000e+00,        +0.00000000000000000e+00,        +0.00000000000000000e+00,        +0.00000000000000000e+00,        +0.00000000000000000e+00,        +0.00000000000000000e+00,        +0.00000000000000000e+00,        +0.00000000000000000e+00,        +0.00000000000000000e+00,        +0.00000000000000000e+00,        +0.00000000000000000e+00,        +0.00000000000000000e+00,        +0.00000000000000000e+00,        +0.00000000000000000e+00,        +0.00000000000000000e+00,        +0.00000000000000000e+00,        +0.00000000000000000e+00,        +0.00000000000000000e+00,        +0.00000000000000000e+00,        +0.00000000000000000e+00,        +0.00000000000000000e+00,        +0.00000000000000000e+00,        +0.00000000000000000e+00,        +0.00000000000000000e+00,        +0.00000000000000000e+00,        +0.00000000000000000e+00,        +0.00000000000000000e+00,        +0.00000000000000000e+00,        +0.00000000000000000e+00,        +0.00000000000000000e+00,        +0.00000000000000000e+00,        +0.00000000000000000e+00,        +0.00000000000000000e+00,        +0.00000000000000000e+00,        +0.00000000000000000e+00,        +0.00000000000000000e+00,        +0.00000000000000000e+00,        +0.00000000000000000e+00,        +0.00000000000000000e+00,        +0.00000000000000000e+00,        +0.00000000000000000e+00,        +0.00000000000000000e+00,        +0.00000000000000000e+00,        +0.00000000000000000e+00,        +0.00000000000000000e+00,        +0.00000000000000000e+00,        +0.00000000000000000e+00,        +0.00000000000000000e+00,        +0.00000000000000000e+00,        +0.00000000000000000e+00,        +0.00000000000000000e+00,        +0.00000000000000000e+00,        +0.00000000000000000e+00,        +0.00000000000000000e+00,        +0.00000000000000000e+00,        +0.00000000000000000e+00,        +0.00000000000000000e+00,        +0.00000000000000000e+00,        +0.00000000000000000e+00,        +0.00000000000000000e+00,        +0.00000000000000000e+00,        +0.00000000000000000e+00,        +0.00000000000000000e+00,        +0.00000000000000000e+00,        +0.00000000000000000e+00,        +0.00000000000000000e+00,        +0.00000000000000000e+00,        +0.00000000000000000e+00,        +0.00000000000000000e+00,        +0.00000000000000000e+00,        +0.00000000000000000e+00,        +0.00000000000000000e+00,        +0.00000000000000000e+00,        +0.00000000000000000e+00,        +0.00000000000000000e+00,        +0.00000000000000000e+00,        +0.00000000000000000e+00,        +0.00000000000000000e+00,        +0.00000000000000000e+00,        +0.00000000000000000e+00,        +0.00000000000000000e+00,        +0.00000000000000000e+00,        +0.00000000000000000e+00,        +1.00000000000000000e+00,        +0.00000000000000000e+00,        +0.00000000000000000e+00,        +0.00000000000000000e+00,        +0.00000000000000000e+00,        +0.00000000000000000e+00,        +0.00000000000000000e+00,        +0.00000000000000000e+00,        +0.00000000000000000e+00,        +0.00000000000000000e+00,        +0.00000000000000000e+00
        +0.00000000000000000e+00,        +0.00000000000000000e+00,        +0.00000000000000000e+00,        +0.00000000000000000e+00,        +0.00000000000000000e+00,        +0.00000000000000000e+00,        +0.00000000000000000e+00,        +0.00000000000000000e+00,        +0.00000000000000000e+00,        +0.00000000000000000e+00,        +0.00000000000000000e+00,        +0.00000000000000000e+00,        +0.00000000000000000e+00,        +0.00000000000000000e+00,        +0.00000000000000000e+00,        +0.00000000000000000e+00,        +0.00000000000000000e+00,        +0.00000000000000000e+00,        +0.00000000000000000e+00,        +0.00000000000000000e+00,        +0.00000000000000000e+00,        +0.00000000000000000e+00,        +0.00000000000000000e+00,        +0.00000000000000000e+00,        +0.00000000000000000e+00,        +0.00000000000000000e+00,        +0.00000000000000000e+00,        +0.00000000000000000e+00,        +0.00000000000000000e+00,        +0.00000000000000000e+00,        +0.00000000000000000e+00,        +0.00000000000000000e+00,        +0.00000000000000000e+00,        +0.00000000000000000e+00,        +0.00000000000000000e+00,        +0.00000000000000000e+00,        +0.00000000000000000e+00,        +0.00000000000000000e+00,        +0.00000000000000000e+00,        +0.00000000000000000e+00,        +0.00000000000000000e+00,        +0.00000000000000000e+00,        +0.00000000000000000e+00,        +0.00000000000000000e+00,        +0.00000000000000000e+00,        +0.00000000000000000e+00,        +0.00000000000000000e+00,        +0.00000000000000000e+00,        +0.00000000000000000e+00,        +0.00000000000000000e+00,        +0.00000000000000000e+00,        +0.00000000000000000e+00,        +0.00000000000000000e+00,        +0.00000000000000000e+00,        +0.00000000000000000e+00,        +0.00000000000000000e+00,        +0.00000000000000000e+00,        +0.00000000000000000e+00,        +0.00000000000000000e+00,        +0.00000000000000000e+00,        +0.00000000000000000e+00,        +0.00000000000000000e+00,        +0.00000000000000000e+00,        +0.00000000000000000e+00,        +0.00000000000000000e+00,        +0.00000000000000000e+00,        +0.00000000000000000e+00,        +0.00000000000000000e+00,        +0.00000000000000000e+00,        +0.00000000000000000e+00,        +0.00000000000000000e+00,        +0.00000000000000000e+00,        +0.00000000000000000e+00,        +0.00000000000000000e+00,        +0.00000000000000000e+00,        +0.00000000000000000e+00,        +0.00000000000000000e+00,        +0.00000000000000000e+00,        +0.00000000000000000e+00,        +0.00000000000000000e+00,        +0.00000000000000000e+00,        +0.00000000000000000e+00,        +0.00000000000000000e+00,        +0.00000000000000000e+00,        +0.00000000000000000e+00,        +0.00000000000000000e+00,        +0.00000000000000000e+00,        +0.00000000000000000e+00,        +0.00000000000000000e+00,        +0.00000000000000000e+00,        +0.00000000000000000e+00,        +0.00000000000000000e+00,        +0.00000000000000000e+00,        +0.00000000000000000e+00,        +0.00000000000000000e+00,        +0.00000000000000000e+00,        +0.00000000000000000e+00,        +0.00000000000000000e+00,        +1.00000000000000000e+00,        +0.00000000000000000e+00,        +0.00000000000000000e+00,        +0.00000000000000000e+00,        +0.00000000000000000e+00,        +0.00000000000000000e+00,        +0.00000000000000000e+00,        +0.00000000000000000e+00,        +0.00000000000000000e+00,        +0.00000000000000000e+00
        +0.00000000000000000e+00,        +0.00000000000000000e+00,        +0.00000000000000000e+00,        +0.00000000000000000e+00,        +0.00000000000000000e+00,        +0.00000000000000000e+00,        +0.00000000000000000e+00,        +0.00000000000000000e+00,        +0.00000000000000000e+00,        +0.00000000000000000e+00,        +0.00000000000000000e+00,        +0.00000000000000000e+00,        +0.00000000000000000e+00,        +0.00000000000000000e+00,        +0.00000000000000000e+00,        +0.00000000000000000e+00,        +0.00000000000000000e+00,        +0.00000000000000000e+00,        +0.00000000000000000e+00,        +0.00000000000000000e+00,        +0.00000000000000000e+00,        +0.00000000000000000e+00,        +0.00000000000000000e+00,        +0.00000000000000000e+00,        +0.00000000000000000e+00,        +0.00000000000000000e+00,        +0.00000000000000000e+00,        +0.00000000000000000e+00,        +0.00000000000000000e+00,        +0.00000000000000000e+00,        +0.00000000000000000e+00,        +0.00000000000000000e+00,        +0.00000000000000000e+00,        +0.00000000000000000e+00,        +0.00000000000000000e+00,        +0.00000000000000000e+00,        +0.00000000000000000e+00,        +0.00000000000000000e+00,        +0.00000000000000000e+00,        +0.00000000000000000e+00,        +0.00000000000000000e+00,        +0.00000000000000000e+00,        +0.00000000000000000e+00,        +0.00000000000000000e+00,        +0.00000000000000000e+00,        +0.00000000000000000e+00,        +0.00000000000000000e+00,        +0.00000000000000000e+00,        +0.00000000000000000e+00,        +0.00000000000000000e+00,        +0.00000000000000000e+00,        +0.00000000000000000e+00,        +0.00000000000000000e+00,        +0.00000000000000000e+00,        +0.00000000000000000e+00,        +0.00000000000000000e+00,        +0.00000000000000000e+00,        +0.00000000000000000e+00,        +0.00000000000000000e+00,        +0.00000000000000000e+00,        +0.00000000000000000e+00,        +0.00000000000000000e+00,        +0.00000000000000000e+00,        +0.00000000000000000e+00,        +0.00000000000000000e+00,        +0.00000000000000000e+00,        +0.00000000000000000e+00,        +0.00000000000000000e+00,        +0.00000000000000000e+00,        +0.00000000000000000e+00,        +0.00000000000000000e+00,        +0.00000000000000000e+00,        +0.00000000000000000e+00,        +0.00000000000000000e+00,        +0.00000000000000000e+00,        +0.00000000000000000e+00,        +0.00000000000000000e+00,        +0.00000000000000000e+00,        +0.00000000000000000e+00,        +0.00000000000000000e+00,        +0.00000000000000000e+00,        +0.00000000000000000e+00,        +0.00000000000000000e+00,        +0.00000000000000000e+00,        +0.00000000000000000e+00,        +0.00000000000000000e+00,        +0.00000000000000000e+00,        +0.00000000000000000e+00,        +0.00000000000000000e+00,        +0.00000000000000000e+00,        +0.00000000000000000e+00,        +0.00000000000000000e+00,        +0.00000000000000000e+00,        +0.00000000000000000e+00,        +0.00000000000000000e+00,        +0.00000000000000000e+00,        +0.00000000000000000e+00,        +0.00000000000000000e+00,        +0.00000000000000000e+00,        +1.00000000000000000e+00,        +0.00000000000000000e+00,        +0.00000000000000000e+00,        +0.00000000000000000e+00,        +0.00000000000000000e+00,        +0.00000000000000000e+00,        +0.00000000000000000e+00,        +0.00000000000000000e+00,        +0.00000000000000000e+00
        +0.00000000000000000e+00,        +0.00000000000000000e+00,        +0.00000000000000000e+00,        +0.00000000000000000e+00,        +0.00000000000000000e+00,        +0.00000000000000000e+00,        +0.00000000000000000e+00,        +0.00000000000000000e+00,        +0.00000000000000000e+00,        +0.00000000000000000e+00,        +0.00000000000000000e+00,        +0.00000000000000000e+00,        +0.00000000000000000e+00,        +0.00000000000000000e+00,        +0.00000000000000000e+00,        +0.00000000000000000e+00,        +0.00000000000000000e+00,        +0.00000000000000000e+00,        +0.00000000000000000e+00,        +0.00000000000000000e+00,        +0.00000000000000000e+00,        +0.00000000000000000e+00,        +0.00000000000000000e+00,        +0.00000000000000000e+00,        +0.00000000000000000e+00,        +0.00000000000000000e+00,        +0.00000000000000000e+00,        +0.00000000000000000e+00,        +0.00000000000000000e+00,        +0.00000000000000000e+00,        +0.00000000000000000e+00,        +0.00000000000000000e+00,        +0.00000000000000000e+00,        +0.00000000000000000e+00,        +0.00000000000000000e+00,        +0.00000000000000000e+00,        +0.00000000000000000e+00,        +0.00000000000000000e+00,        +0.00000000000000000e+00,        +0.00000000000000000e+00,        +0.00000000000000000e+00,        +0.00000000000000000e+00,        +0.00000000000000000e+00,        +0.00000000000000000e+00,        +0.00000000000000000e+00,        +0.00000000000000000e+00,        +0.00000000000000000e+00,        +0.00000000000000000e+00,        +0.00000000000000000e+00,        +0.00000000000000000e+00,        +0.00000000000000000e+00,        +0.00000000000000000e+00,        +0.00000000000000000e+00,        +0.00000000000000000e+00,        +0.00000000000000000e+00,        +0.00000000000000000e+00,        +0.00000000000000000e+00,        +0.00000000000000000e+00,        +0.00000000000000000e+00,        +0.00000000000000000e+00,        +0.00000000000000000e+00,        +0.00000000000000000e+00,        +0.00000000000000000e+00,        +0.00000000000000000e+00,        +0.00000000000000000e+00,        +0.00000000000000000e+00,        +0.00000000000000000e+00,        +0.00000000000000000e+00,        +0.00000000000000000e+00,        +0.00000000000000000e+00,        +0.00000000000000000e+00,        +0.00000000000000000e+00,        +0.00000000000000000e+00,        +0.00000000000000000e+00,        +0.00000000000000000e+00,        +0.00000000000000000e+00,        +0.00000000000000000e+00,        +0.00000000000000000e+00,        +0.00000000000000000e+00,        +0.00000000000000000e+00,        +0.00000000000000000e+00,        +0.00000000000000000e+00,        +0.00000000000000000e+00,        +0.00000000000000000e+00,        +0.00000000000000000e+00,        +0.00000000000000000e+00,        +0.00000000000000000e+00,        +0.00000000000000000e+00,        +0.00000000000000000e+00,        +0.00000000000000000e+00,        +0.00000000000000000e+00,        +0.00000000000000000e+00,        +0.00000000000000000e+00,        +0.00000000000000000e+00,        +0.00000000000000000e+00,        +0.00000000000000000e+00,        +0.00000000000000000e+00,        +0.00000000000000000e+00,        +0.00000000000000000e+00,        +0.00000000000000000e+00,        +1.00000000000000000e+00,        +0.00000000000000000e+00,        +0.00000000000000000e+00,        +0.00000000000000000e+00,        +0.00000000000000000e+00,        +0.00000000000000000e+00,        +0.00000000000000000e+00,        +0.00000000000000000e+00
        +0.00000000000000000e+00,        +0.00000000000000000e+00,        +0.00000000000000000e+00,        +0.00000000000000000e+00,        +0.00000000000000000e+00,        +0.00000000000000000e+00,        +0.00000000000000000e+00,        +0.00000000000000000e+00,        +0.00000000000000000e+00,        +0.00000000000000000e+00,        +0.00000000000000000e+00,        +0.00000000000000000e+00,        +0.00000000000000000e+00,        +0.00000000000000000e+00,        +0.00000000000000000e+00,        +0.00000000000000000e+00,        +0.00000000000000000e+00,        +0.00000000000000000e+00,        +0.00000000000000000e+00,        +0.00000000000000000e+00,        +0.00000000000000000e+00,        +0.00000000000000000e+00,        +0.00000000000000000e+00,        +0.00000000000000000e+00,        +0.00000000000000000e+00,        +0.00000000000000000e+00,        +0.00000000000000000e+00,        +0.00000000000000000e+00,        +0.00000000000000000e+00,        +0.00000000000000000e+00,        +0.00000000000000000e+00,        +0.00000000000000000e+00,        +0.00000000000000000e+00,        +0.00000000000000000e+00,        +0.00000000000000000e+00,        +0.00000000000000000e+00,        +0.00000000000000000e+00,        +0.00000000000000000e+00,        +0.00000000000000000e+00,        +0.00000000000000000e+00,        +0.00000000000000000e+00,        +0.00000000000000000e+00,        +0.00000000000000000e+00,        +0.00000000000000000e+00,        +0.00000000000000000e+00,        +0.00000000000000000e+00,        +0.00000000000000000e+00,        +0.00000000000000000e+00,        +0.00000000000000000e+00,        +0.00000000000000000e+00,        +0.00000000000000000e+00,        +0.00000000000000000e+00,        +0.00000000000000000e+00,        +0.00000000000000000e+00,        +0.00000000000000000e+00,        +0.00000000000000000e+00,        +0.00000000000000000e+00,        +0.00000000000000000e+00,        +0.00000000000000000e+00,        +0.00000000000000000e+00,        +0.00000000000000000e+00,        +0.00000000000000000e+00,        +0.00000000000000000e+00,        +0.00000000000000000e+00,        +0.00000000000000000e+00,        +0.00000000000000000e+00,        +0.00000000000000000e+00,        +0.00000000000000000e+00,        +0.00000000000000000e+00,        +0.00000000000000000e+00,        +0.00000000000000000e+00,        +0.00000000000000000e+00,        +0.00000000000000000e+00,        +0.00000000000000000e+00,        +0.00000000000000000e+00,        +0.00000000000000000e+00,        +0.00000000000000000e+00,        +0.00000000000000000e+00,        +0.00000000000000000e+00,        +0.00000000000000000e+00,        +0.00000000000000000e+00,        +0.00000000000000000e+00,        +0.00000000000000000e+00,        +0.00000000000000000e+00,        +0.00000000000000000e+00,        +0.00000000000000000e+00,        +0.00000000000000000e+00,        +0.00000000000000000e+00,        +0.00000000000000000e+00,        +0.00000000000000000e+00,        +0.00000000000000000e+00,        +0.00000000000000000e+00,        +0.00000000000000000e+00,        +0.00000000000000000e+00,        +0.00000000000000000e+00,        +0.00000000000000000e+00,        +0.00000000000000000e+00,        +0.00000000000000000e+00,        +0.00000000000000000e+00,        +0.00000000000000000e+00,        +0.00000000000000000e+00,        +1.00000000000000000e+00,        +0.00000000000000000e+00,        +0.00000000000000000e+00,        +0.00000000000000000e+00,        +0.00000000000000000e+00,        +0.00000000000000000e+00,        +0.00000000000000000e+00
        +0.00000000000000000e+00,        +0.00000000000000000e+00,        +0.00000000000000000e+00,        +0.00000000000000000e+00,        +0.00000000000000000e+00,        +0.00000000000000000e+00,        +0.00000000000000000e+00,        +0.00000000000000000e+00,        +0.00000000000000000e+00,        +0.00000000000000000e+00,        +0.00000000000000000e+00,        +0.00000000000000000e+00,        +0.00000000000000000e+00,        +0.00000000000000000e+00,        +0.00000000000000000e+00,        +0.00000000000000000e+00,        +0.00000000000000000e+00,        +0.00000000000000000e+00,        +0.00000000000000000e+00,        +0.00000000000000000e+00,        +0.00000000000000000e+00,        +0.00000000000000000e+00,        +0.00000000000000000e+00,        +0.00000000000000000e+00,        +0.00000000000000000e+00,        +0.00000000000000000e+00,        +0.00000000000000000e+00,        +0.00000000000000000e+00,        +0.00000000000000000e+00,        +0.00000000000000000e+00,        +0.00000000000000000e+00,        +0.00000000000000000e+00,        +0.00000000000000000e+00,        +0.00000000000000000e+00,        +0.00000000000000000e+00,        +0.00000000000000000e+00,        +0.00000000000000000e+00,        +0.00000000000000000e+00,        +0.00000000000000000e+00,        +0.00000000000000000e+00,        +0.00000000000000000e+00,        +0.00000000000000000e+00,        +0.00000000000000000e+00,        +0.00000000000000000e+00,        +0.00000000000000000e+00,        +0.00000000000000000e+00,        +0.00000000000000000e+00,        +0.00000000000000000e+00,        +0.00000000000000000e+00,        +0.00000000000000000e+00,        +0.00000000000000000e+00,        +0.00000000000000000e+00,        +0.00000000000000000e+00,        +0.00000000000000000e+00,        +0.00000000000000000e+00,        +0.00000000000000000e+00,        +0.00000000000000000e+00,        +0.00000000000000000e+00,        +0.00000000000000000e+00,        +0.00000000000000000e+00,        +0.00000000000000000e+00,        +0.00000000000000000e+00,        +0.00000000000000000e+00,        +0.00000000000000000e+00,        +0.00000000000000000e+00,        +0.00000000000000000e+00,        +0.00000000000000000e+00,        +0.00000000000000000e+00,        +0.00000000000000000e+00,        +0.00000000000000000e+00,        +0.00000000000000000e+00,        +0.00000000000000000e+00,        +0.00000000000000000e+00,        +0.00000000000000000e+00,        +0.00000000000000000e+00,        +0.00000000000000000e+00,        +0.00000000000000000e+00,        +0.00000000000000000e+00,        +0.00000000000000000e+00,        +0.00000000000000000e+00,        +0.00000000000000000e+00,        +0.00000000000000000e+00,        +0.00000000000000000e+00,        +0.00000000000000000e+00,        +0.00000000000000000e+00,        +0.00000000000000000e+00,        +0.00000000000000000e+00,        +0.00000000000000000e+00,        +0.00000000000000000e+00,        +0.00000000000000000e+00,        +0.00000000000000000e+00,        +0.00000000000000000e+00,        +0.00000000000000000e+00,        +0.00000000000000000e+00,        +0.00000000000000000e+00,        +0.00000000000000000e+00,        +0.00000000000000000e+00,        +0.00000000000000000e+00,        +0.00000000000000000e+00,        +0.00000000000000000e+00,        +0.00000000000000000e+00,        +0.00000000000000000e+00,        +1.00000000000000000e+00,        +0.00000000000000000e+00,        +0.00000000000000000e+00,        +0.00000000000000000e+00,        +0.00000000000000000e+00,        +0.00000000000000000e+00
        +0.00000000000000000e+00,        +0.00000000000000000e+00,        +0.00000000000000000e+00,        +0.00000000000000000e+00,        +0.00000000000000000e+00,        +0.00000000000000000e+00,        +0.00000000000000000e+00,        +0.00000000000000000e+00,        +0.00000000000000000e+00,        +0.00000000000000000e+00,        +0.00000000000000000e+00,        +0.00000000000000000e+00,        +0.00000000000000000e+00,        +0.00000000000000000e+00,        +0.00000000000000000e+00,        +0.00000000000000000e+00,        +0.00000000000000000e+00,        +0.00000000000000000e+00,        +0.00000000000000000e+00,        +0.00000000000000000e+00,        +0.00000000000000000e+00,        +0.00000000000000000e+00,        +0.00000000000000000e+00,        +0.00000000000000000e+00,        +0.00000000000000000e+00,        +0.00000000000000000e+00,        +0.00000000000000000e+00,        +0.00000000000000000e+00,        +0.00000000000000000e+00,        +0.00000000000000000e+00,        +0.00000000000000000e+00,        +0.00000000000000000e+00,        +0.00000000000000000e+00,        +0.00000000000000000e+00,        +0.00000000000000000e+00,        +0.00000000000000000e+00,        +0.00000000000000000e+00,        +0.00000000000000000e+00,        +0.00000000000000000e+00,        +0.00000000000000000e+00,        +0.00000000000000000e+00,        +0.00000000000000000e+00,        +0.00000000000000000e+00,        +0.00000000000000000e+00,        +0.00000000000000000e+00,        +0.00000000000000000e+00,        +0.00000000000000000e+00,        +0.00000000000000000e+00,        +0.00000000000000000e+00,        +0.00000000000000000e+00,        +0.00000000000000000e+00,        +0.00000000000000000e+00,        +0.00000000000000000e+00,        +0.00000000000000000e+00,        +0.00000000000000000e+00,        +0.00000000000000000e+00,        +0.00000000000000000e+00,        +0.00000000000000000e+00,        +0.00000000000000000e+00,        +0.00000000000000000e+00,        +0.00000000000000000e+00,        +0.00000000000000000e+00,        +0.00000000000000000e+00,        +0.00000000000000000e+00,        +0.00000000000000000e+00,        +0.00000000000000000e+00,        +0.00000000000000000e+00,        +0.00000000000000000e+00,        +0.00000000000000000e+00,        +0.00000000000000000e+00,        +0.00000000000000000e+00,        +0.00000000000000000e+00,        +0.00000000000000000e+00,        +0.00000000000000000e+00,        +0.00000000000000000e+00,        +0.00000000000000000e+00,        +0.00000000000000000e+00,        +0.00000000000000000e+00,        +0.00000000000000000e+00,        +0.00000000000000000e+00,        +0.00000000000000000e+00,        +0.00000000000000000e+00,        +0.00000000000000000e+00,        +0.00000000000000000e+00,        +0.00000000000000000e+00,        +0.00000000000000000e+00,        +0.00000000000000000e+00,        +0.00000000000000000e+00,        +0.00000000000000000e+00,        +0.00000000000000000e+00,        +0.00000000000000000e+00,        +0.00000000000000000e+00,        +0.00000000000000000e+00,        +0.00000000000000000e+00,        +0.00000000000000000e+00,        +0.00000000000000000e+00,        +0.00000000000000000e+00,        +0.00000000000000000e+00,        +0.00000000000000000e+00,        +0.00000000000000000e+00,        +0.00000000000000000e+00,        +0.00000000000000000e+00,        +0.00000000000000000e+00,        +1.00000000000000000e+00,        +0.00000000000000000e+00,        +0.00000000000000000e+00,        +0.00000000000000000e+00,        +0.00000000000000000e+00
        +0.00000000000000000e+00,        +0.00000000000000000e+00,        +0.00000000000000000e+00,        +0.00000000000000000e+00,        +0.00000000000000000e+00,        +0.00000000000000000e+00,        +0.00000000000000000e+00,        +0.00000000000000000e+00,        +0.00000000000000000e+00,        +0.00000000000000000e+00,        +0.00000000000000000e+00,        +0.00000000000000000e+00,        +0.00000000000000000e+00,        +0.00000000000000000e+00,        +0.00000000000000000e+00,        +0.00000000000000000e+00,        +0.00000000000000000e+00,        +0.00000000000000000e+00,        +0.00000000000000000e+00,        +0.00000000000000000e+00,        +0.00000000000000000e+00,        +0.00000000000000000e+00,        +0.00000000000000000e+00,        +0.00000000000000000e+00,        +0.00000000000000000e+00,        +0.00000000000000000e+00,        +0.00000000000000000e+00,        +0.00000000000000000e+00,        +0.00000000000000000e+00,        +0.00000000000000000e+00,        +0.00000000000000000e+00,        +0.00000000000000000e+00,        +0.00000000000000000e+00,        +0.00000000000000000e+00,        +0.00000000000000000e+00,        +0.00000000000000000e+00,        +0.00000000000000000e+00,        +0.00000000000000000e+00,        +0.00000000000000000e+00,        +0.00000000000000000e+00,        +0.00000000000000000e+00,        +0.00000000000000000e+00,        +0.00000000000000000e+00,        +0.00000000000000000e+00,        +0.00000000000000000e+00,        +0.00000000000000000e+00,        +0.00000000000000000e+00,        +0.00000000000000000e+00,        +0.00000000000000000e+00,        +0.00000000000000000e+00,        +0.00000000000000000e+00,        +0.00000000000000000e+00,        +0.00000000000000000e+00,        +0.00000000000000000e+00,        +0.00000000000000000e+00,        +0.00000000000000000e+00,        +0.00000000000000000e+00,        +0.00000000000000000e+00,        +0.00000000000000000e+00,        +0.00000000000000000e+00,        +0.00000000000000000e+00,        +0.00000000000000000e+00,        +0.00000000000000000e+00,        +0.00000000000000000e+00,        +0.00000000000000000e+00,        +0.00000000000000000e+00,        +0.00000000000000000e+00,        +0.00000000000000000e+00,        +0.00000000000000000e+00,        +0.00000000000000000e+00,        +0.00000000000000000e+00,        +0.00000000000000000e+00,        +0.00000000000000000e+00,        +0.00000000000000000e+00,        +0.00000000000000000e+00,        +0.00000000000000000e+00,        +0.00000000000000000e+00,        +0.00000000000000000e+00,        +0.00000000000000000e+00,        +0.00000000000000000e+00,        +0.00000000000000000e+00,        +0.00000000000000000e+00,        +0.00000000000000000e+00,        +0.00000000000000000e+00,        +0.00000000000000000e+00,        +0.00000000000000000e+00,        +0.00000000000000000e+00,        +0.00000000000000000e+00,        +0.00000000000000000e+00,        +0.00000000000000000e+00,        +0.00000000000000000e+00,        +0.00000000000000000e+00,        +0.00000000000000000e+00,        +0.00000000000000000e+00,        +0.00000000000000000e+00,        +0.00000000000000000e+00,        +0.00000000000000000e+00,        +0.00000000000000000e+00,        +0.00000000000000000e+00,        +0.00000000000000000e+00,        +0.00000000000000000e+00,        +0.00000000000000000e+00,        +0.00000000000000000e+00,        +0.00000000000000000e+00,        +1.00000000000000000e+00,        +0.00000000000000000e+00,        +0.00000000000000000e+00,        +0.00000000000000000e+00
        +0.00000000000000000e+00,        +0.00000000000000000e+00,        +0.00000000000000000e+00,        +0.00000000000000000e+00,        +0.00000000000000000e+00,        +0.00000000000000000e+00,        +0.00000000000000000e+00,        +0.00000000000000000e+00,        +0.00000000000000000e+00,        +0.00000000000000000e+00,        +0.00000000000000000e+00,        +0.00000000000000000e+00,        +0.00000000000000000e+00,        +0.00000000000000000e+00,        +0.00000000000000000e+00,        +0.00000000000000000e+00,        +0.00000000000000000e+00,        +0.00000000000000000e+00,        +0.00000000000000000e+00,        +0.00000000000000000e+00,        +0.00000000000000000e+00,        +0.00000000000000000e+00,        +0.00000000000000000e+00,        +0.00000000000000000e+00,        +0.00000000000000000e+00,        +0.00000000000000000e+00,        +0.00000000000000000e+00,        +0.00000000000000000e+00,        +0.00000000000000000e+00,        +0.00000000000000000e+00,        +0.00000000000000000e+00,        +0.00000000000000000e+00,        +0.00000000000000000e+00,        +0.00000000000000000e+00,        +0.00000000000000000e+00,        +0.00000000000000000e+00,        +0.00000000000000000e+00,        +0.00000000000000000e+00,        +0.00000000000000000e+00,        +0.00000000000000000e+00,        +0.00000000000000000e+00,        +0.00000000000000000e+00,        +0.00000000000000000e+00,        +0.00000000000000000e+00,        +0.00000000000000000e+00,        +0.00000000000000000e+00,        +0.00000000000000000e+00,        +0.00000000000000000e+00,        +0.00000000000000000e+00,        +0.00000000000000000e+00,        +0.00000000000000000e+00,        +0.00000000000000000e+00,        +0.00000000000000000e+00,        +0.00000000000000000e+00,        +0.00000000000000000e+00,        +0.00000000000000000e+00,        +0.00000000000000000e+00,        +0.00000000000000000e+00,        +0.00000000000000000e+00,        +0.00000000000000000e+00,        +0.00000000000000000e+00,        +0.00000000000000000e+00,        +0.00000000000000000e+00,        +0.00000000000000000e+00,        +0.00000000000000000e+00,        +0.00000000000000000e+00,        +0.00000000000000000e+00,        +0.00000000000000000e+00,        +0.00000000000000000e+00,        +0.00000000000000000e+00,        +0.00000000000000000e+00,        +0.00000000000000000e+00,        +0.00000000000000000e+00,        +0.00000000000000000e+00,        +0.00000000000000000e+00,        +0.00000000000000000e+00,        +0.00000000000000000e+00,        +0.00000000000000000e+00,        +0.00000000000000000e+00,        +0.00000000000000000e+00,        +0.00000000000000000e+00,        +0.00000000000000000e+00,        +0.00000000000000000e+00,        +0.00000000000000000e+00,        +0.00000000000000000e+00,        +0.00000000000000000e+00,        +0.00000000000000000e+00,        +0.00000000000000000e+00,        +0.00000000000000000e+00,        +0.00000000000000000e+00,        +0.00000000000000000e+00,        +0.00000000000000000e+00,        +0.00000000000000000e+00,        +0.00000000000000000e+00,        +0.00000000000000000e+00,        +0.00000000000000000e+00,        +0.00000000000000000e+00,        +0.00000000000000000e+00,        +0.00000000000000000e+00,        +0.00000000000000000e+00,        +0.00000000000000000e+00,        +0.00000000000000000e+00,        +0.00000000000000000e+00,        +0.00000000000000000e+00,        +0.00000000000000000e+00,        +1.00000000000000000e+00,        +0.00000000000000000e+00,        +0.00000000000000000e+00
        +0.00000000000000000e+00,        +0.00000000000000000e+00,        +0.00000000000000000e+00,        +0.00000000000000000e+00,        +0.00000000000000000e+00,        +0.00000000000000000e+00,        +0.00000000000000000e+00,        +0.00000000000000000e+00,        +0.00000000000000000e+00,        +0.00000000000000000e+00,        +0.00000000000000000e+00,        +0.00000000000000000e+00,        +0.00000000000000000e+00,        +0.00000000000000000e+00,        +0.00000000000000000e+00,        +0.00000000000000000e+00,        +0.00000000000000000e+00,        +0.00000000000000000e+00,        +0.00000000000000000e+00,        +0.00000000000000000e+00,        +0.00000000000000000e+00,        +0.00000000000000000e+00,        +0.00000000000000000e+00,        +0.00000000000000000e+00,        +0.00000000000000000e+00,        +0.00000000000000000e+00,        +0.00000000000000000e+00,        +0.00000000000000000e+00,        +0.00000000000000000e+00,        +0.00000000000000000e+00,        +0.00000000000000000e+00,        +0.00000000000000000e+00,        +0.00000000000000000e+00,        +0.00000000000000000e+00,        +0.00000000000000000e+00,        +0.00000000000000000e+00,        +0.00000000000000000e+00,        +0.00000000000000000e+00,        +0.00000000000000000e+00,        +0.00000000000000000e+00,        +0.00000000000000000e+00,        +0.00000000000000000e+00,        +0.00000000000000000e+00,        +0.00000000000000000e+00,        +0.00000000000000000e+00,        +0.00000000000000000e+00,        +0.00000000000000000e+00,        +0.00000000000000000e+00,        +0.00000000000000000e+00,        +0.00000000000000000e+00,        +0.00000000000000000e+00,        +0.00000000000000000e+00,        +0.00000000000000000e+00,        +0.00000000000000000e+00,        +0.00000000000000000e+00,        +0.00000000000000000e+00,        +0.00000000000000000e+00,        +0.00000000000000000e+00,        +0.00000000000000000e+00,        +0.00000000000000000e+00,        +0.00000000000000000e+00,        +0.00000000000000000e+00,        +0.00000000000000000e+00,        +0.00000000000000000e+00,        +0.00000000000000000e+00,        +0.00000000000000000e+00,        +0.00000000000000000e+00,        +0.00000000000000000e+00,        +0.00000000000000000e+00,        +0.00000000000000000e+00,        +0.00000000000000000e+00,        +0.00000000000000000e+00,        +0.00000000000000000e+00,        +0.00000000000000000e+00,        +0.00000000000000000e+00,        +0.00000000000000000e+00,        +0.00000000000000000e+00,        +0.00000000000000000e+00,        +0.00000000000000000e+00,        +0.00000000000000000e+00,        +0.00000000000000000e+00,        +0.00000000000000000e+00,        +0.00000000000000000e+00,        +0.00000000000000000e+00,        +0.00000000000000000e+00,        +0.00000000000000000e+00,        +0.00000000000000000e+00,        +0.00000000000000000e+00,        +0.00000000000000000e+00,        +0.00000000000000000e+00,        +0.00000000000000000e+00,        +0.00000000000000000e+00,        +0.00000000000000000e+00,        +0.00000000000000000e+00,        +0.00000000000000000e+00,        +0.00000000000000000e+00,        +0.00000000000000000e+00,        +0.00000000000000000e+00,        +0.00000000000000000e+00,        +0.00000000000000000e+00,        +0.00000000000000000e+00,        +0.00000000000000000e+00,        +0.00000000000000000e+00,        +0.00000000000000000e+00,        +0.00000000000000000e+00,        +0.00000000000000000e+00,        +1.00000000000000000e+00,        +0.00000000000000000e+00
        +0.00000000000000000e+00,        +0.00000000000000000e+00,        +0.00000000000000000e+00,        +0.00000000000000000e+00,        +0.00000000000000000e+00,        +0.00000000000000000e+00,        +0.00000000000000000e+00,        +0.00000000000000000e+00,        +0.00000000000000000e+00,        +0.00000000000000000e+00,        +0.00000000000000000e+00,        +0.00000000000000000e+00,        +0.00000000000000000e+00,        +0.00000000000000000e+00,        +0.00000000000000000e+00,        +0.00000000000000000e+00,        +0.00000000000000000e+00,        +0.00000000000000000e+00,        +0.00000000000000000e+00,        +0.00000000000000000e+00,        +0.00000000000000000e+00,        +0.00000000000000000e+00,        +0.00000000000000000e+00,        +0.00000000000000000e+00,        +0.00000000000000000e+00,        +0.00000000000000000e+00,        +0.00000000000000000e+00,        +0.00000000000000000e+00,        +0.00000000000000000e+00,        +0.00000000000000000e+00,        +0.00000000000000000e+00,        +0.00000000000000000e+00,        +0.00000000000000000e+00,        +0.00000000000000000e+00,        +0.00000000000000000e+00,        +0.00000000000000000e+00,        +0.00000000000000000e+00,        +0.00000000000000000e+00,        +0.00000000000000000e+00,        +0.00000000000000000e+00,        +0.00000000000000000e+00,        +0.00000000000000000e+00,        +0.00000000000000000e+00,        +0.00000000000000000e+00,        +0.00000000000000000e+00,        +0.00000000000000000e+00,        +0.00000000000000000e+00,        +0.00000000000000000e+00,        +0.00000000000000000e+00,        +0.00000000000000000e+00,        +0.00000000000000000e+00,        +0.00000000000000000e+00,        +0.00000000000000000e+00,        +0.00000000000000000e+00,        +0.00000000000000000e+00,        +0.00000000000000000e+00,        +0.00000000000000000e+00,        +0.00000000000000000e+00,        +0.00000000000000000e+00,        +0.00000000000000000e+00,        +0.00000000000000000e+00,        +0.00000000000000000e+00,        +0.00000000000000000e+00,        +0.00000000000000000e+00,        +0.00000000000000000e+00,        +0.00000000000000000e+00,        +0.00000000000000000e+00,        +0.00000000000000000e+00,        +0.00000000000000000e+00,        +0.00000000000000000e+00,        +0.00000000000000000e+00,        +0.00000000000000000e+00,        +0.00000000000000000e+00,        +0.00000000000000000e+00,        +0.00000000000000000e+00,        +0.00000000000000000e+00,        +0.00000000000000000e+00,        +0.00000000000000000e+00,        +0.00000000000000000e+00,        +0.00000000000000000e+00,        +0.00000000000000000e+00,        +0.00000000000000000e+00,        +0.00000000000000000e+00,        +0.00000000000000000e+00,        +0.00000000000000000e+00,        +0.00000000000000000e+00,        +0.00000000000000000e+00,        +0.00000000000000000e+00,        +0.00000000000000000e+00,        +0.00000000000000000e+00,        +0.00000000000000000e+00,        +0.00000000000000000e+00,        +0.00000000000000000e+00,        +0.00000000000000000e+00,        +0.00000000000000000e+00,        +0.00000000000000000e+00,        +0.00000000000000000e+00,        +0.00000000000000000e+00,        +0.00000000000000000e+00,        +0.00000000000000000e+00,        +0.00000000000000000e+00,        +0.00000000000000000e+00,        +0.00000000000000000e+00,        +0.00000000000000000e+00,        +0.00000000000000000e+00,        +0.00000000000000000e+00,        +0.00000000000000000e+00,        +1.00000000000000000e+00
